{"type": "FeatureCollection", "metadata": {"source": "prasiswazah.csv (DAX 2026 sample), Latitude/Longitude columns", "disclaimer": "Recorded crash locations only. Coordinates appear genuine and coherent, but the dataset's outcome/severity columns are shuffled, so these points carry no severity meaning. Coordinates also appear jittered for privacy (~24% of rows fall outside Pahang and are excluded), so treat them as approximate locations, not exact crash sites.", "points": 2288, "dropped_outside_pahang": 712}, "features": [{"type": "Feature", "geometry": {"type": "Point", "coordinates": [102.8017, 3.4859]}, "properties": {"district": "Maran"}}, {"type": "Feature", "geometry": {"type": "Point", "coordinates": [101.9184, 3.9162]}, "properties": {"district": "Raub"}}, {"type": "Feature", "geometry": {"type": "Point", "coordinates": [102.3756, 3.4041]}, "properties": {"district": "Temerloh"}}, {"type": "Feature", "geometry": {"type": "Point", "coordinates": [103.2775, 2.8211]}, "properties": {"district": "Rompin"}}, {"type": "Feature", "geometry": {"type": "Point", "coordinates": [103.2519, 3.5665]}, "properties": {"district": "Pekan"}}, {"type": "Feature", "geometry": {"type": "Point", "coordinates": [102.3046, 3.378]}, "properties": {"district": "Temerloh"}}, {"type": "Feature", "geometry": {"type": "Point", "coordinates": [103.5002, 2.7346]}, "properties": {"district": "Rompin"}}, {"type": "Feature", "geometry": {"type": "Point", "coordinates": [102.4934, 3.4026]}, "properties": {"district": "Temerloh"}}, {"type": "Feature", "geometry": {"type": "Point", "coordinates": [103.3256, 3.765]}, "properties": {"district": "Kuantan"}}, {"type": "Feature", "geometry": {"type": "Point", "coordinates": [102.3797, 4.0099]}, "properties": {"district": "Jerantut"}}, {"type": "Feature", "geometry": {"type": "Point", "coordinates": [102.2909, 3.3699]}, "properties": {"district": "Temerloh"}}, {"type": "Feature", "geometry": {"type": "Point", "coordinates": [102.0602, 4.0709]}, "properties": {"district": "Kuala Lipis"}}, {"type": "Feature", "geometry": {"type": "Point", "coordinates": [103.5553, 2.72]}, "properties": {"district": "Rompin"}}, {"type": "Feature", "geometry": {"type": "Point", "coordinates": [102.8529, 3.6384]}, "properties": {"district": "Maran"}}, {"type": "Feature", "geometry": {"type": "Point", "coordinates": [103.3013, 3.7406]}, "properties": {"district": "Kuantan"}}, {"type": "Feature", "geometry": {"type": "Point", "coordinates": [102.872, 3.4503]}, "properties": {"district": "Maran"}}, {"type": "Feature", "geometry": {"type": "Point", "coordinates": [101.9272, 4.0734]}, "properties": {"district": "Kuala Lipis"}}, {"type": "Feature", "geometry": {"type": "Point", "coordinates": [103.4157, 3.5681]}, "properties": {"district": "Pekan"}}, {"type": "Feature", "geometry": {"type": "Point", "coordinates": [102.366, 3.4795]}, "properties": {"district": "Temerloh"}}, {"type": "Feature", "geometry": {"type": "Point", "coordinates": [102.0806, 4.3335]}, "properties": {"district": "Kuala Lipis"}}, {"type": "Feature", "geometry": {"type": "Point", "coordinates": [103.5784, 2.5063]}, "properties": {"district": "Rompin"}}, {"type": "Feature", "geometry": {"type": "Point", "coordinates": [102.151, 4.0421]}, "properties": {"district": "Kuala Lipis"}}, {"type": "Feature", "geometry": {"type": "Point", "coordinates": [102.4771, 3.3875]}, "properties": {"district": "Temerloh"}}, {"type": "Feature", "geometry": {"type": "Point", "coordinates": [101.8686, 3.4575]}, "properties": {"district": "Bentong"}}, {"type": "Feature", "geometry": {"type": "Point", "coordinates": [102.8192, 3.5383]}, "properties": {"district": "Maran"}}, {"type": "Feature", "geometry": {"type": "Point", "coordinates": [102.4316, 3.5604]}, "properties": {"district": "Temerloh"}}, {"type": "Feature", "geometry": {"type": "Point", "coordinates": [101.8308, 3.7337]}, "properties": {"district": "Raub"}}, {"type": "Feature", "geometry": {"type": "Point", "coordinates": [102.3334, 4.0634]}, "properties": {"district": "Jerantut"}}, {"type": "Feature", "geometry": {"type": "Point", "coordinates": [102.0233, 4.1845]}, "properties": {"district": "Kuala Lipis"}}, {"type": "Feature", "geometry": {"type": "Point", "coordinates": [101.8856, 3.4906]}, "properties": {"district": "Bentong"}}, {"type": "Feature", "geometry": {"type": "Point", "coordinates": [102.4499, 3.4377]}, "properties": {"district": "Temerloh"}}, {"type": "Feature", "geometry": {"type": "Point", "coordinates": [102.5299, 3.3752]}, "properties": {"district": "Temerloh"}}, {"type": "Feature", "geometry": {"type": "Point", "coordinates": [103.3788, 2.6765]}, "properties": {"district": "Rompin"}}, {"type": "Feature", "geometry": {"type": "Point", "coordinates": [102.6147, 3.4554]}, "properties": {"district": "Temerloh"}}, {"type": "Feature", "geometry": {"type": "Point", "coordinates": [102.3969, 3.4888]}, "properties": {"district": "Temerloh"}}, {"type": "Feature", "geometry": {"type": "Point", "coordinates": [103.2838, 3.4899]}, "properties": {"district": "Pekan"}}, {"type": "Feature", "geometry": {"type": "Point", "coordinates": [102.2717, 4.0151]}, "properties": {"district": "Jerantut"}}, {"type": "Feature", "geometry": {"type": "Point", "coordinates": [101.4496, 4.5403]}, "properties": {"district": "Cameron Highlands"}}, {"type": "Feature", "geometry": {"type": "Point", "coordinates": [102.3723, 3.3714]}, "properties": {"district": "Temerloh"}}, {"type": "Feature", "geometry": {"type": "Point", "coordinates": [102.1342, 4.3547]}, "properties": {"district": "Kuala Lipis"}}, {"type": "Feature", "geometry": {"type": "Point", "coordinates": [101.8625, 3.6658]}, "properties": {"district": "Raub"}}, {"type": "Feature", "geometry": {"type": "Point", "coordinates": [103.3874, 2.8535]}, "properties": {"district": "Rompin"}}, {"type": "Feature", "geometry": {"type": "Point", "coordinates": [102.3304, 3.8577]}, "properties": {"district": "Jerantut"}}, {"type": "Feature", "geometry": {"type": "Point", "coordinates": [102.1775, 4.2068]}, "properties": {"district": "Kuala Lipis"}}, {"type": "Feature", "geometry": {"type": "Point", "coordinates": [102.7545, 3.5568]}, "properties": {"district": "Maran"}}, {"type": "Feature", "geometry": {"type": "Point", "coordinates": [102.695, 3.7029]}, "properties": {"district": "Maran"}}, {"type": "Feature", "geometry": {"type": "Point", "coordinates": [102.8042, 3.6085]}, "properties": {"district": "Maran"}}, {"type": "Feature", "geometry": {"type": "Point", "coordinates": [103.2689, 3.8312]}, "properties": {"district": "Kuantan"}}, {"type": "Feature", "geometry": {"type": "Point", "coordinates": [103.2795, 3.5087]}, "properties": {"district": "Pekan"}}, {"type": "Feature", "geometry": {"type": "Point", "coordinates": [102.3272, 3.3905]}, "properties": {"district": "Temerloh"}}, {"type": "Feature", "geometry": {"type": "Point", "coordinates": [102.4039, 4.0323]}, "properties": {"district": "Jerantut"}}, {"type": "Feature", "geometry": {"type": "Point", "coordinates": [101.3873, 4.4266]}, "properties": {"district": "Cameron Highlands"}}, {"type": "Feature", "geometry": {"type": "Point", "coordinates": [102.3523, 3.3794]}, "properties": {"district": "Temerloh"}}, {"type": "Feature", "geometry": {"type": "Point", "coordinates": [102.5339, 3.4516]}, "properties": {"district": "Temerloh"}}, {"type": "Feature", "geometry": {"type": "Point", "coordinates": [102.4148, 3.3381]}, "properties": {"district": "Temerloh"}}, {"type": "Feature", "geometry": {"type": "Point", "coordinates": [103.5411, 2.6767]}, "properties": {"district": "Rompin"}}, {"type": "Feature", "geometry": {"type": "Point", "coordinates": [102.3553, 3.9833]}, "properties": {"district": "Jerantut"}}, {"type": "Feature", "geometry": {"type": "Point", "coordinates": [102.8501, 3.5458]}, "properties": {"district": "Maran"}}, {"type": "Feature", "geometry": {"type": "Point", "coordinates": [102.425, 3.5074]}, "properties": {"district": "Temerloh"}}, {"type": "Feature", "geometry": {"type": "Point", "coordinates": [103.3301, 3.8923]}, "properties": {"district": "Kuantan"}}, {"type": "Feature", "geometry": {"type": "Point", "coordinates": [103.4216, 2.8941]}, "properties": {"district": "Rompin"}}, {"type": "Feature", "geometry": {"type": "Point", "coordinates": [103.2575, 3.8209]}, "properties": {"district": "Kuantan"}}, {"type": "Feature", "geometry": {"type": "Point", "coordinates": [101.8601, 4.4155]}, "properties": {"district": "Kuala Lipis"}}, {"type": "Feature", "geometry": {"type": "Point", "coordinates": [103.4968, 2.7489]}, "properties": {"district": "Rompin"}}, {"type": "Feature", "geometry": {"type": "Point", "coordinates": [103.3363, 3.9325]}, "properties": {"district": "Kuantan"}}, {"type": "Feature", "geometry": {"type": "Point", "coordinates": [103.5085, 2.5717]}, "properties": {"district": "Rompin"}}, {"type": "Feature", "geometry": {"type": "Point", "coordinates": [102.2998, 3.2433]}, "properties": {"district": "Bera"}}, {"type": "Feature", "geometry": {"type": "Point", "coordinates": [101.9263, 3.8303]}, "properties": {"district": "Raub"}}, {"type": "Feature", "geometry": {"type": "Point", "coordinates": [102.4214, 3.2532]}, "properties": {"district": "Bera"}}, {"type": "Feature", "geometry": {"type": "Point", "coordinates": [102.45, 3.5918]}, "properties": {"district": "Temerloh"}}, {"type": "Feature", "geometry": {"type": "Point", "coordinates": [103.4347, 2.6274]}, "properties": {"district": "Rompin"}}, {"type": "Feature", "geometry": {"type": "Point", "coordinates": [103.2441, 3.5484]}, "properties": {"district": "Kuantan"}}, {"type": "Feature", "geometry": {"type": "Point", "coordinates": [102.2326, 3.7365]}, "properties": {"district": "Jerantut"}}, {"type": "Feature", "geometry": {"type": "Point", "coordinates": [102.7848, 3.5464]}, "properties": {"district": "Maran"}}, {"type": "Feature", "geometry": {"type": "Point", "coordinates": [102.9843, 3.5913]}, "properties": {"district": "Maran"}}, {"type": "Feature", "geometry": {"type": "Point", "coordinates": [102.7785, 3.5678]}, "properties": {"district": "Maran"}}, {"type": "Feature", "geometry": {"type": "Point", "coordinates": [102.5737, 3.8745]}, "properties": {"district": "Jerantut"}}, {"type": "Feature", "geometry": {"type": "Point", "coordinates": [102.4647, 3.4385]}, "properties": {"district": "Temerloh"}}, {"type": "Feature", "geometry": {"type": "Point", "coordinates": [102.3678, 3.4731]}, "properties": {"district": "Temerloh"}}, {"type": "Feature", "geometry": {"type": "Point", "coordinates": [103.4369, 2.8918]}, "properties": {"district": "Rompin"}}, {"type": "Feature", "geometry": {"type": "Point", "coordinates": [102.8495, 3.533]}, "properties": {"district": "Maran"}}, {"type": "Feature", "geometry": {"type": "Point", "coordinates": [102.9037, 3.6717]}, "properties": {"district": "Maran"}}, {"type": "Feature", "geometry": {"type": "Point", "coordinates": [102.8297, 3.6592]}, "properties": {"district": "Maran"}}, {"type": "Feature", "geometry": {"type": "Point", "coordinates": [103.2692, 3.8518]}, "properties": {"district": "Kuantan"}}, {"type": "Feature", "geometry": {"type": "Point", "coordinates": [103.5009, 2.7922]}, "properties": {"district": "Rompin"}}, {"type": "Feature", "geometry": {"type": "Point", "coordinates": [101.95, 3.7364]}, "properties": {"district": "Raub"}}, {"type": "Feature", "geometry": {"type": "Point", "coordinates": [101.977, 3.5031]}, "properties": {"district": "Bentong"}}, {"type": "Feature", "geometry": {"type": "Point", "coordinates": [101.8983, 3.5481]}, "properties": {"district": "Bentong"}}, {"type": "Feature", "geometry": {"type": "Point", "coordinates": [102.791, 4.4406]}, "properties": {"district": "Pekan"}}, {"type": "Feature", "geometry": {"type": "Point", "coordinates": [103.2797, 3.4025]}, "properties": {"district": "Pekan"}}, {"type": "Feature", "geometry": {"type": "Point", "coordinates": [102.833, 3.6554]}, "properties": {"district": "Maran"}}, {"type": "Feature", "geometry": {"type": "Point", "coordinates": [103.3893, 2.7931]}, "properties": {"district": "Rompin"}}, {"type": "Feature", "geometry": {"type": "Point", "coordinates": [102.9323, 3.3979]}, "properties": {"district": "Maran"}}, {"type": "Feature", "geometry": {"type": "Point", "coordinates": [102.3305, 3.8535]}, "properties": {"district": "Jerantut"}}, {"type": "Feature", "geometry": {"type": "Point", "coordinates": [103.4322, 2.8215]}, "properties": {"district": "Rompin"}}, {"type": "Feature", "geometry": {"type": "Point", "coordinates": [102.8515, 3.6363]}, "properties": {"district": "Maran"}}, {"type": "Feature", "geometry": {"type": "Point", "coordinates": [103.2134, 3.6919]}, "properties": {"district": "Kuantan"}}, {"type": "Feature", "geometry": {"type": "Point", "coordinates": [101.9658, 3.7368]}, "properties": {"district": "Raub"}}, {"type": "Feature", "geometry": {"type": "Point", "coordinates": [102.0463, 4.1538]}, "properties": {"district": "Kuala Lipis"}}, {"type": "Feature", "geometry": {"type": "Point", "coordinates": [101.7908, 3.8157]}, "properties": {"district": "Raub"}}, {"type": "Feature", "geometry": {"type": "Point", "coordinates": [103.3331, 3.8471]}, "properties": {"district": "Kuantan"}}, {"type": "Feature", "geometry": {"type": "Point", "coordinates": [102.3855, 3.5058]}, "properties": {"district": "Temerloh"}}, {"type": "Feature", "geometry": {"type": "Point", "coordinates": [102.5385, 3.2896]}, "properties": {"district": "Bera"}}, {"type": "Feature", "geometry": {"type": "Point", "coordinates": [102.7764, 4.1386]}, "properties": {"district": "Temerloh"}}, {"type": "Feature", "geometry": {"type": "Point", "coordinates": [102.3562, 3.6229]}, "properties": {"district": "Temerloh"}}, {"type": "Feature", "geometry": {"type": "Point", "coordinates": [102.1444, 4.1729]}, "properties": {"district": "Kuala Lipis"}}, {"type": "Feature", "geometry": {"type": "Point", "coordinates": [103.4221, 2.7021]}, "properties": {"district": "Rompin"}}, {"type": "Feature", "geometry": {"type": "Point", "coordinates": [102.2728, 3.5332]}, "properties": {"district": "Temerloh"}}, {"type": "Feature", "geometry": {"type": "Point", "coordinates": [102.2344, 4.2182]}, "properties": {"district": "Kuala Lipis"}}, {"type": "Feature", "geometry": {"type": "Point", "coordinates": [102.1439, 4.2411]}, "properties": {"district": "Kuala Lipis"}}, {"type": "Feature", "geometry": {"type": "Point", "coordinates": [101.8195, 3.8843]}, "properties": {"district": "Raub"}}, {"type": "Feature", "geometry": {"type": "Point", "coordinates": [103.3216, 3.799]}, "properties": {"district": "Kuantan"}}, {"type": "Feature", "geometry": {"type": "Point", "coordinates": [102.4214, 3.451]}, "properties": {"district": "Temerloh"}}, {"type": "Feature", "geometry": {"type": "Point", "coordinates": [103.3121, 2.7601]}, "properties": {"district": "Rompin"}}, {"type": "Feature", "geometry": {"type": "Point", "coordinates": [102.4588, 3.4602]}, "properties": {"district": "Temerloh"}}, {"type": "Feature", "geometry": {"type": "Point", "coordinates": [102.2009, 4.29]}, "properties": {"district": "Kuala Lipis"}}, {"type": "Feature", "geometry": {"type": "Point", "coordinates": [103.4057, 2.831]}, "properties": {"district": "Rompin"}}, {"type": "Feature", "geometry": {"type": "Point", "coordinates": [102.5896, 3.2936]}, "properties": {"district": "Bera"}}, {"type": "Feature", "geometry": {"type": "Point", "coordinates": [103.3045, 3.7261]}, "properties": {"district": "Kuantan"}}, {"type": "Feature", "geometry": {"type": "Point", "coordinates": [102.0182, 3.5738]}, "properties": {"district": "Bentong"}}, {"type": "Feature", "geometry": {"type": "Point", "coordinates": [101.8813, 3.4875]}, "properties": {"district": "Bentong"}}, {"type": "Feature", "geometry": {"type": "Point", "coordinates": [103.1853, 3.8924]}, "properties": {"district": "Kuantan"}}, {"type": "Feature", "geometry": {"type": "Point", "coordinates": [102.4066, 3.5215]}, "properties": {"district": "Temerloh"}}, {"type": "Feature", "geometry": {"type": "Point", "coordinates": [101.9352, 3.6007]}, "properties": {"district": "Bentong"}}, {"type": "Feature", "geometry": {"type": "Point", "coordinates": [101.7238, 3.7674]}, "properties": {"district": "Raub"}}, {"type": "Feature", "geometry": {"type": "Point", "coordinates": [102.3551, 3.9237]}, "properties": {"district": "Jerantut"}}, {"type": "Feature", "geometry": {"type": "Point", "coordinates": [103.3846, 2.8348]}, "properties": {"district": "Rompin"}}, {"type": "Feature", "geometry": {"type": "Point", "coordinates": [102.3943, 3.5104]}, "properties": {"district": "Temerloh"}}, {"type": "Feature", "geometry": {"type": "Point", "coordinates": [103.5435, 2.6861]}, "properties": {"district": "Rompin"}}, {"type": "Feature", "geometry": {"type": "Point", "coordinates": [102.3997, 3.2099]}, "properties": {"district": "Bera"}}, {"type": "Feature", "geometry": {"type": "Point", "coordinates": [102.6798, 3.5764]}, "properties": {"district": "Maran"}}, {"type": "Feature", "geometry": {"type": "Point", "coordinates": [102.4347, 3.3946]}, "properties": {"district": "Temerloh"}}, {"type": "Feature", "geometry": {"type": "Point", "coordinates": [102.368, 3.5187]}, "properties": {"district": "Temerloh"}}, {"type": "Feature", "geometry": {"type": "Point", "coordinates": [103.4247, 2.7361]}, "properties": {"district": "Rompin"}}, {"type": "Feature", "geometry": {"type": "Point", "coordinates": [102.3315, 4.1734]}, "properties": {"district": "Jerantut"}}, {"type": "Feature", "geometry": {"type": "Point", "coordinates": [103.247, 3.8758]}, "properties": {"district": "Kuantan"}}, {"type": "Feature", "geometry": {"type": "Point", "coordinates": [102.5072, 3.6969]}, "properties": {"district": "Temerloh"}}, {"type": "Feature", "geometry": {"type": "Point", "coordinates": [101.6605, 3.9118]}, "properties": {"district": "Raub"}}, {"type": "Feature", "geometry": {"type": "Point", "coordinates": [101.9046, 4.1084]}, "properties": {"district": "Kuala Lipis"}}, {"type": "Feature", "geometry": {"type": "Point", "coordinates": [103.416, 2.6778]}, "properties": {"district": "Rompin"}}, {"type": "Feature", "geometry": {"type": "Point", "coordinates": [103.4876, 2.6984]}, "properties": {"district": "Rompin"}}, {"type": "Feature", "geometry": {"type": "Point", "coordinates": [101.9518, 3.6441]}, "properties": {"district": "Bentong"}}, {"type": "Feature", "geometry": {"type": "Point", "coordinates": [102.2958, 3.8972]}, "properties": {"district": "Jerantut"}}, {"type": "Feature", "geometry": {"type": "Point", "coordinates": [101.9189, 3.5244]}, "properties": {"district": "Bentong"}}, {"type": "Feature", "geometry": {"type": "Point", "coordinates": [102.4062, 3.2247]}, "properties": {"district": "Bera"}}, {"type": "Feature", "geometry": {"type": "Point", "coordinates": [101.8134, 3.7236]}, "properties": {"district": "Raub"}}, {"type": "Feature", "geometry": {"type": "Point", "coordinates": [101.9637, 4.1889]}, "properties": {"district": "Kuala Lipis"}}, {"type": "Feature", "geometry": {"type": "Point", "coordinates": [102.4424, 3.3184]}, "properties": {"district": "Bera"}}, {"type": "Feature", "geometry": {"type": "Point", "coordinates": [101.9253, 3.5645]}, "properties": {"district": "Bentong"}}, {"type": "Feature", "geometry": {"type": "Point", "coordinates": [101.9005, 3.6564]}, "properties": {"district": "Raub"}}, {"type": "Feature", "geometry": {"type": "Point", "coordinates": [102.2624, 3.8795]}, "properties": {"district": "Jerantut"}}, {"type": "Feature", "geometry": {"type": "Point", "coordinates": [103.4933, 2.6155]}, "properties": {"district": "Rompin"}}, {"type": "Feature", "geometry": {"type": "Point", "coordinates": [103.28, 3.487]}, "properties": {"district": "Pekan"}}, {"type": "Feature", "geometry": {"type": "Point", "coordinates": [103.2934, 3.7958]}, "properties": {"district": "Kuantan"}}, {"type": "Feature", "geometry": {"type": "Point", "coordinates": [102.3714, 3.5311]}, "properties": {"district": "Temerloh"}}, {"type": "Feature", "geometry": {"type": "Point", "coordinates": [102.8424, 3.6856]}, "properties": {"district": "Maran"}}, {"type": "Feature", "geometry": {"type": "Point", "coordinates": [101.9159, 3.5358]}, "properties": {"district": "Bentong"}}, {"type": "Feature", "geometry": {"type": "Point", "coordinates": [103.4709, 2.804]}, "properties": {"district": "Rompin"}}, {"type": "Feature", "geometry": {"type": "Point", "coordinates": [103.3992, 3.4822]}, "properties": {"district": "Pekan"}}, {"type": "Feature", "geometry": {"type": "Point", "coordinates": [103.4404, 2.7409]}, "properties": {"district": "Rompin"}}, {"type": "Feature", "geometry": {"type": "Point", "coordinates": [102.33, 4.0231]}, "properties": {"district": "Jerantut"}}, {"type": "Feature", "geometry": {"type": "Point", "coordinates": [103.3574, 3.3246]}, "properties": {"district": "Pekan"}}, {"type": "Feature", "geometry": {"type": "Point", "coordinates": [103.3904, 3.3508]}, "properties": {"district": "Pekan"}}, {"type": "Feature", "geometry": {"type": "Point", "coordinates": [103.1491, 3.874]}, "properties": {"district": "Kuantan"}}, {"type": "Feature", "geometry": {"type": "Point", "coordinates": [101.9568, 3.8306]}, "properties": {"district": "Raub"}}, {"type": "Feature", "geometry": {"type": "Point", "coordinates": [103.3155, 3.3948]}, "properties": {"district": "Pekan"}}, {"type": "Feature", "geometry": {"type": "Point", "coordinates": [103.4355, 2.8024]}, "properties": {"district": "Rompin"}}, {"type": "Feature", "geometry": {"type": "Point", "coordinates": [102.4839, 3.4228]}, "properties": {"district": "Temerloh"}}, {"type": "Feature", "geometry": {"type": "Point", "coordinates": [103.3803, 2.7648]}, "properties": {"district": "Rompin"}}, {"type": "Feature", "geometry": {"type": "Point", "coordinates": [103.3393, 3.4545]}, "properties": {"district": "Pekan"}}, {"type": "Feature", "geometry": {"type": "Point", "coordinates": [102.4982, 4.023]}, "properties": {"district": "Jerantut"}}, {"type": "Feature", "geometry": {"type": "Point", "coordinates": [103.4143, 3.3461]}, "properties": {"district": "Pekan"}}, {"type": "Feature", "geometry": {"type": "Point", "coordinates": [102.0284, 3.3799]}, "properties": {"district": "Bentong"}}, {"type": "Feature", "geometry": {"type": "Point", "coordinates": [102.091, 4.2057]}, "properties": {"district": "Kuala Lipis"}}, {"type": "Feature", "geometry": {"type": "Point", "coordinates": [102.5252, 3.6012]}, "properties": {"district": "Temerloh"}}, {"type": "Feature", "geometry": {"type": "Point", "coordinates": [102.4256, 3.4653]}, "properties": {"district": "Temerloh"}}, {"type": "Feature", "geometry": {"type": "Point", "coordinates": [102.4069, 3.4036]}, "properties": {"district": "Temerloh"}}, {"type": "Feature", "geometry": {"type": "Point", "coordinates": [102.1971, 3.8348]}, "properties": {"district": "Jerantut"}}, {"type": "Feature", "geometry": {"type": "Point", "coordinates": [102.8295, 3.5653]}, "properties": {"district": "Maran"}}, {"type": "Feature", "geometry": {"type": "Point", "coordinates": [102.0319, 4.0715]}, "properties": {"district": "Kuala Lipis"}}, {"type": "Feature", "geometry": {"type": "Point", "coordinates": [102.3572, 3.6663]}, "properties": {"district": "Jerantut"}}, {"type": "Feature", "geometry": {"type": "Point", "coordinates": [102.4835, 3.1744]}, "properties": {"district": "Rompin"}}, {"type": "Feature", "geometry": {"type": "Point", "coordinates": [101.8202, 3.5007]}, "properties": {"district": "Bentong"}}, {"type": "Feature", "geometry": {"type": "Point", "coordinates": [103.3387, 3.8078]}, "properties": {"district": "Kuantan"}}, {"type": "Feature", "geometry": {"type": "Point", "coordinates": [101.8551, 3.791]}, "properties": {"district": "Raub"}}, {"type": "Feature", "geometry": {"type": "Point", "coordinates": [102.3781, 3.9245]}, "properties": {"district": "Jerantut"}}, {"type": "Feature", "geometry": {"type": "Point", "coordinates": [103.2825, 3.8051]}, "properties": {"district": "Kuantan"}}, {"type": "Feature", "geometry": {"type": "Point", "coordinates": [102.5337, 3.711]}, "properties": {"district": "Maran"}}, {"type": "Feature", "geometry": {"type": "Point", "coordinates": [102.2634, 3.3954]}, "properties": {"district": "Bera"}}, {"type": "Feature", "geometry": {"type": "Point", "coordinates": [103.46, 2.8264]}, "properties": {"district": "Rompin"}}, {"type": "Feature", "geometry": {"type": "Point", "coordinates": [102.412, 3.4217]}, "properties": {"district": "Temerloh"}}, {"type": "Feature", "geometry": {"type": "Point", "coordinates": [102.0104, 3.597]}, "properties": {"district": "Bentong"}}, {"type": "Feature", "geometry": {"type": "Point", "coordinates": [101.974, 4.1136]}, "properties": {"district": "Kuala Lipis"}}, {"type": "Feature", "geometry": {"type": "Point", "coordinates": [102.4115, 3.8836]}, "properties": {"district": "Jerantut"}}, {"type": "Feature", "geometry": {"type": "Point", "coordinates": [102.3397, 3.9009]}, "properties": {"district": "Jerantut"}}, {"type": "Feature", "geometry": {"type": "Point", "coordinates": [101.9442, 3.5791]}, "properties": {"district": "Bentong"}}, {"type": "Feature", "geometry": {"type": "Point", "coordinates": [102.337, 3.5823]}, "properties": {"district": "Temerloh"}}, {"type": "Feature", "geometry": {"type": "Point", "coordinates": [101.8839, 3.5697]}, "properties": {"district": "Bentong"}}, {"type": "Feature", "geometry": {"type": "Point", "coordinates": [102.5588, 3.317]}, "properties": {"district": "Temerloh"}}, {"type": "Feature", "geometry": {"type": "Point", "coordinates": [101.9926, 3.4804]}, "properties": {"district": "Bentong"}}, {"type": "Feature", "geometry": {"type": "Point", "coordinates": [101.7168, 3.8952]}, "properties": {"district": "Raub"}}, {"type": "Feature", "geometry": {"type": "Point", "coordinates": [102.558, 3.3482]}, "properties": {"district": "Temerloh"}}, {"type": "Feature", "geometry": {"type": "Point", "coordinates": [102.724, 3.4282]}, "properties": {"district": "Maran"}}, {"type": "Feature", "geometry": {"type": "Point", "coordinates": [103.4817, 2.7545]}, "properties": {"district": "Rompin"}}, {"type": "Feature", "geometry": {"type": "Point", "coordinates": [102.8335, 3.78]}, "properties": {"district": "Maran"}}, {"type": "Feature", "geometry": {"type": "Point", "coordinates": [102.3442, 3.9531]}, "properties": {"district": "Jerantut"}}, {"type": "Feature", "geometry": {"type": "Point", "coordinates": [102.2648, 3.9556]}, "properties": {"district": "Jerantut"}}, {"type": "Feature", "geometry": {"type": "Point", "coordinates": [103.3834, 3.9682]}, "properties": {"district": "Kuantan"}}, {"type": "Feature", "geometry": {"type": "Point", "coordinates": [101.9356, 3.8104]}, "properties": {"district": "Raub"}}, {"type": "Feature", "geometry": {"type": "Point", "coordinates": [102.0978, 4.0836]}, "properties": {"district": "Kuala Lipis"}}, {"type": "Feature", "geometry": {"type": "Point", "coordinates": [101.3899, 4.4526]}, "properties": {"district": "Cameron Highlands"}}, {"type": "Feature", "geometry": {"type": "Point", "coordinates": [103.2624, 3.438]}, "properties": {"district": "Pekan"}}, {"type": "Feature", "geometry": {"type": "Point", "coordinates": [102.3469, 3.5579]}, "properties": {"district": "Temerloh"}}, {"type": "Feature", "geometry": {"type": "Point", "coordinates": [102.6282, 3.3746]}, "properties": {"district": "Temerloh"}}, {"type": "Feature", "geometry": {"type": "Point", "coordinates": [102.4319, 3.4582]}, "properties": {"district": "Temerloh"}}, {"type": "Feature", "geometry": {"type": "Point", "coordinates": [103.5014, 2.7312]}, "properties": {"district": "Rompin"}}, {"type": "Feature", "geometry": {"type": "Point", "coordinates": [102.4613, 3.767]}, "properties": {"district": "Jerantut"}}, {"type": "Feature", "geometry": {"type": "Point", "coordinates": [102.0504, 3.5194]}, "properties": {"district": "Bentong"}}, {"type": "Feature", "geometry": {"type": "Point", "coordinates": [103.444, 2.6231]}, "properties": {"district": "Rompin"}}, {"type": "Feature", "geometry": {"type": "Point", "coordinates": [101.9348, 3.8405]}, "properties": {"district": "Raub"}}, {"type": "Feature", "geometry": {"type": "Point", "coordinates": [102.8289, 3.5793]}, "properties": {"district": "Maran"}}, {"type": "Feature", "geometry": {"type": "Point", "coordinates": [101.8666, 3.8751]}, "properties": {"district": "Raub"}}, {"type": "Feature", "geometry": {"type": "Point", "coordinates": [102.5041, 3.4954]}, "properties": {"district": "Temerloh"}}, {"type": "Feature", "geometry": {"type": "Point", "coordinates": [102.4682, 3.4143]}, "properties": {"district": "Temerloh"}}, {"type": "Feature", "geometry": {"type": "Point", "coordinates": [102.7917, 3.6247]}, "properties": {"district": "Maran"}}, {"type": "Feature", "geometry": {"type": "Point", "coordinates": [103.4913, 2.7976]}, "properties": {"district": "Rompin"}}, {"type": "Feature", "geometry": {"type": "Point", "coordinates": [103.5431, 2.6399]}, "properties": {"district": "Rompin"}}, {"type": "Feature", "geometry": {"type": "Point", "coordinates": [103.3459, 3.513]}, "properties": {"district": "Pekan"}}, {"type": "Feature", "geometry": {"type": "Point", "coordinates": [103.5028, 2.7658]}, "properties": {"district": "Rompin"}}, {"type": "Feature", "geometry": {"type": "Point", "coordinates": [102.4333, 3.5664]}, "properties": {"district": "Temerloh"}}, {"type": "Feature", "geometry": {"type": "Point", "coordinates": [101.8796, 3.8593]}, "properties": {"district": "Raub"}}, {"type": "Feature", "geometry": {"type": "Point", "coordinates": [102.0215, 3.4808]}, "properties": {"district": "Bentong"}}, {"type": "Feature", "geometry": {"type": "Point", "coordinates": [103.4172, 3.5758]}, "properties": {"district": "Pekan"}}, {"type": "Feature", "geometry": {"type": "Point", "coordinates": [102.1262, 4.0967]}, "properties": {"district": "Kuala Lipis"}}, {"type": "Feature", "geometry": {"type": "Point", "coordinates": [101.8352, 3.4146]}, "properties": {"district": "Bentong"}}, {"type": "Feature", "geometry": {"type": "Point", "coordinates": [103.2294, 3.653]}, "properties": {"district": "Kuantan"}}, {"type": "Feature", "geometry": {"type": "Point", "coordinates": [101.8916, 3.601]}, "properties": {"district": "Bentong"}}, {"type": "Feature", "geometry": {"type": "Point", "coordinates": [102.6805, 3.8044]}, "properties": {"district": "Rompin"}}, {"type": "Feature", "geometry": {"type": "Point", "coordinates": [102.457, 3.4639]}, "properties": {"district": "Temerloh"}}, {"type": "Feature", "geometry": {"type": "Point", "coordinates": [103.3957, 3.3517]}, "properties": {"district": "Pekan"}}, {"type": "Feature", "geometry": {"type": "Point", "coordinates": [103.4269, 2.726]}, "properties": {"district": "Rompin"}}, {"type": "Feature", "geometry": {"type": "Point", "coordinates": [102.7579, 3.5414]}, "properties": {"district": "Maran"}}, {"type": "Feature", "geometry": {"type": "Point", "coordinates": [101.4036, 4.4284]}, "properties": {"district": "Cameron Highlands"}}, {"type": "Feature", "geometry": {"type": "Point", "coordinates": [102.3613, 3.3942]}, "properties": {"district": "Temerloh"}}, {"type": "Feature", "geometry": {"type": "Point", "coordinates": [102.9346, 3.7253]}, "properties": {"district": "Maran"}}, {"type": "Feature", "geometry": {"type": "Point", "coordinates": [102.4643, 3.4216]}, "properties": {"district": "Temerloh"}}, {"type": "Feature", "geometry": {"type": "Point", "coordinates": [102.3961, 3.9646]}, "properties": {"district": "Jerantut"}}, {"type": "Feature", "geometry": {"type": "Point", "coordinates": [101.9171, 3.4542]}, "properties": {"district": "Bentong"}}, {"type": "Feature", "geometry": {"type": "Point", "coordinates": [103.3882, 3.4173]}, "properties": {"district": "Pekan"}}, {"type": "Feature", "geometry": {"type": "Point", "coordinates": [102.4701, 3.2367]}, "properties": {"district": "Bera"}}, {"type": "Feature", "geometry": {"type": "Point", "coordinates": [103.2564, 3.5292]}, "properties": {"district": "Kuantan"}}, {"type": "Feature", "geometry": {"type": "Point", "coordinates": [102.8146, 3.4385]}, "properties": {"district": "Maran"}}, {"type": "Feature", "geometry": {"type": "Point", "coordinates": [101.4354, 4.4995]}, "properties": {"district": "Cameron Highlands"}}, {"type": "Feature", "geometry": {"type": "Point", "coordinates": [101.9142, 3.8224]}, "properties": {"district": "Raub"}}, {"type": "Feature", "geometry": {"type": "Point", "coordinates": [102.8782, 3.682]}, "properties": {"district": "Maran"}}, {"type": "Feature", "geometry": {"type": "Point", "coordinates": [101.9471, 3.4703]}, "properties": {"district": "Bentong"}}, {"type": "Feature", "geometry": {"type": "Point", "coordinates": [103.3377, 3.7943]}, "properties": {"district": "Kuantan"}}, {"type": "Feature", "geometry": {"type": "Point", "coordinates": [102.4572, 3.3954]}, "properties": {"district": "Temerloh"}}, {"type": "Feature", "geometry": {"type": "Point", "coordinates": [102.384, 4.0855]}, "properties": {"district": "Jerantut"}}, {"type": "Feature", "geometry": {"type": "Point", "coordinates": [102.5203, 3.9609]}, "properties": {"district": "Jerantut"}}, {"type": "Feature", "geometry": {"type": "Point", "coordinates": [102.7957, 3.0512]}, "properties": {"district": "Kuantan"}}, {"type": "Feature", "geometry": {"type": "Point", "coordinates": [102.7366, 3.5692]}, "properties": {"district": "Maran"}}, {"type": "Feature", "geometry": {"type": "Point", "coordinates": [103.326, 3.505]}, "properties": {"district": "Pekan"}}, {"type": "Feature", "geometry": {"type": "Point", "coordinates": [102.0596, 4.136]}, "properties": {"district": "Kuala Lipis"}}, {"type": "Feature", "geometry": {"type": "Point", "coordinates": [102.4478, 3.4059]}, "properties": {"district": "Temerloh"}}, {"type": "Feature", "geometry": {"type": "Point", "coordinates": [101.6942, 3.7794]}, "properties": {"district": "Raub"}}, {"type": "Feature", "geometry": {"type": "Point", "coordinates": [102.3448, 3.813]}, "properties": {"district": "Jerantut"}}, {"type": "Feature", "geometry": {"type": "Point", "coordinates": [103.3801, 3.5515]}, "properties": {"district": "Pekan"}}, {"type": "Feature", "geometry": {"type": "Point", "coordinates": [102.5286, 3.8133]}, "properties": {"district": "Jerantut"}}, {"type": "Feature", "geometry": {"type": "Point", "coordinates": [102.4719, 3.2792]}, "properties": {"district": "Bera"}}, {"type": "Feature", "geometry": {"type": "Point", "coordinates": [102.3641, 3.3937]}, "properties": {"district": "Temerloh"}}, {"type": "Feature", "geometry": {"type": "Point", "coordinates": [102.5331, 3.3505]}, "properties": {"district": "Temerloh"}}, {"type": "Feature", "geometry": {"type": "Point", "coordinates": [101.9064, 3.5626]}, "properties": {"district": "Bentong"}}, {"type": "Feature", "geometry": {"type": "Point", "coordinates": [102.4233, 3.982]}, "properties": {"district": "Jerantut"}}, {"type": "Feature", "geometry": {"type": "Point", "coordinates": [102.8368, 3.6037]}, "properties": {"district": "Maran"}}, {"type": "Feature", "geometry": {"type": "Point", "coordinates": [103.4825, 2.6811]}, "properties": {"district": "Rompin"}}, {"type": "Feature", "geometry": {"type": "Point", "coordinates": [102.0528, 3.4681]}, "properties": {"district": "Bentong"}}, {"type": "Feature", "geometry": {"type": "Point", "coordinates": [101.9076, 3.4629]}, "properties": {"district": "Bentong"}}, {"type": "Feature", "geometry": {"type": "Point", "coordinates": [103.3303, 3.5687]}, "properties": {"district": "Pekan"}}, {"type": "Feature", "geometry": {"type": "Point", "coordinates": [102.4156, 3.4285]}, "properties": {"district": "Temerloh"}}, {"type": "Feature", "geometry": {"type": "Point", "coordinates": [103.1321, 3.7715]}, "properties": {"district": "Kuantan"}}, {"type": "Feature", "geometry": {"type": "Point", "coordinates": [101.8212, 3.6041]}, "properties": {"district": "Bentong"}}, {"type": "Feature", "geometry": {"type": "Point", "coordinates": [102.4138, 3.3732]}, "properties": {"district": "Temerloh"}}, {"type": "Feature", "geometry": {"type": "Point", "coordinates": [102.4158, 3.6428]}, "properties": {"district": "Temerloh"}}, {"type": "Feature", "geometry": {"type": "Point", "coordinates": [103.3914, 3.4731]}, "properties": {"district": "Pekan"}}, {"type": "Feature", "geometry": {"type": "Point", "coordinates": [103.4921, 2.6981]}, "properties": {"district": "Rompin"}}, {"type": "Feature", "geometry": {"type": "Point", "coordinates": [103.4571, 2.6843]}, "properties": {"district": "Rompin"}}, {"type": "Feature", "geometry": {"type": "Point", "coordinates": [101.9069, 3.869]}, "properties": {"district": "Raub"}}, {"type": "Feature", "geometry": {"type": "Point", "coordinates": [102.8562, 3.7119]}, "properties": {"district": "Maran"}}, {"type": "Feature", "geometry": {"type": "Point", "coordinates": [103.3546, 3.9527]}, "properties": {"district": "Kuantan"}}, {"type": "Feature", "geometry": {"type": "Point", "coordinates": [102.4684, 3.5222]}, "properties": {"district": "Temerloh"}}, {"type": "Feature", "geometry": {"type": "Point", "coordinates": [101.933, 3.7991]}, "properties": {"district": "Raub"}}, {"type": "Feature", "geometry": {"type": "Point", "coordinates": [103.4122, 3.0228]}, "properties": {"district": "Rompin"}}, {"type": "Feature", "geometry": {"type": "Point", "coordinates": [103.5105, 2.7538]}, "properties": {"district": "Rompin"}}, {"type": "Feature", "geometry": {"type": "Point", "coordinates": [101.3558, 4.4374]}, "properties": {"district": "Cameron Highlands"}}, {"type": "Feature", "geometry": {"type": "Point", "coordinates": [103.4298, 2.681]}, "properties": {"district": "Rompin"}}, {"type": "Feature", "geometry": {"type": "Point", "coordinates": [101.4871, 4.4688]}, "properties": {"district": "Cameron Highlands"}}, {"type": "Feature", "geometry": {"type": "Point", "coordinates": [102.792, 3.5408]}, "properties": {"district": "Maran"}}, {"type": "Feature", "geometry": {"type": "Point", "coordinates": [103.3045, 2.7662]}, "properties": {"district": "Rompin"}}, {"type": "Feature", "geometry": {"type": "Point", "coordinates": [103.3269, 2.6597]}, "properties": {"district": "Rompin"}}, {"type": "Feature", "geometry": {"type": "Point", "coordinates": [103.425, 2.6149]}, "properties": {"district": "Rompin"}}, {"type": "Feature", "geometry": {"type": "Point", "coordinates": [102.8972, 3.7189]}, "properties": {"district": "Maran"}}, {"type": "Feature", "geometry": {"type": "Point", "coordinates": [102.7113, 3.6221]}, "properties": {"district": "Maran"}}, {"type": "Feature", "geometry": {"type": "Point", "coordinates": [103.4472, 2.8543]}, "properties": {"district": "Rompin"}}, {"type": "Feature", "geometry": {"type": "Point", "coordinates": [102.3861, 3.7126]}, "properties": {"district": "Jerantut"}}, {"type": "Feature", "geometry": {"type": "Point", "coordinates": [103.2364, 3.7787]}, "properties": {"district": "Kuantan"}}, {"type": "Feature", "geometry": {"type": "Point", "coordinates": [103.5261, 2.7431]}, "properties": {"district": "Rompin"}}, {"type": "Feature", "geometry": {"type": "Point", "coordinates": [101.9185, 4.1917]}, "properties": {"district": "Kuala Lipis"}}, {"type": "Feature", "geometry": {"type": "Point", "coordinates": [102.884, 3.5627]}, "properties": {"district": "Maran"}}, {"type": "Feature", "geometry": {"type": "Point", "coordinates": [101.925, 3.91]}, "properties": {"district": "Raub"}}, {"type": "Feature", "geometry": {"type": "Point", "coordinates": [102.452, 3.4811]}, "properties": {"district": "Temerloh"}}, {"type": "Feature", "geometry": {"type": "Point", "coordinates": [101.8874, 3.7656]}, "properties": {"district": "Raub"}}, {"type": "Feature", "geometry": {"type": "Point", "coordinates": [103.4839, 2.7866]}, "properties": {"district": "Rompin"}}, {"type": "Feature", "geometry": {"type": "Point", "coordinates": [103.2432, 3.7972]}, "properties": {"district": "Kuantan"}}, {"type": "Feature", "geometry": {"type": "Point", "coordinates": [102.8137, 3.5985]}, "properties": {"district": "Maran"}}, {"type": "Feature", "geometry": {"type": "Point", "coordinates": [101.6253, 3.8697]}, "properties": {"district": "Raub"}}, {"type": "Feature", "geometry": {"type": "Point", "coordinates": [103.5324, 2.6987]}, "properties": {"district": "Rompin"}}, {"type": "Feature", "geometry": {"type": "Point", "coordinates": [101.8255, 3.6109]}, "properties": {"district": "Bentong"}}, {"type": "Feature", "geometry": {"type": "Point", "coordinates": [102.3655, 3.4727]}, "properties": {"district": "Temerloh"}}, {"type": "Feature", "geometry": {"type": "Point", "coordinates": [101.3909, 4.4605]}, "properties": {"district": "Cameron Highlands"}}, {"type": "Feature", "geometry": {"type": "Point", "coordinates": [102.0173, 3.7874]}, "properties": {"district": "Raub"}}, {"type": "Feature", "geometry": {"type": "Point", "coordinates": [103.3619, 3.8235]}, "properties": {"district": "Kuantan"}}, {"type": "Feature", "geometry": {"type": "Point", "coordinates": [102.6701, 3.6435]}, "properties": {"district": "Maran"}}, {"type": "Feature", "geometry": {"type": "Point", "coordinates": [102.4413, 3.3889]}, "properties": {"district": "Temerloh"}}, {"type": "Feature", "geometry": {"type": "Point", "coordinates": [101.935, 3.5171]}, "properties": {"district": "Bentong"}}, {"type": "Feature", "geometry": {"type": "Point", "coordinates": [102.8598, 3.564]}, "properties": {"district": "Maran"}}, {"type": "Feature", "geometry": {"type": "Point", "coordinates": [101.4488, 4.4551]}, "properties": {"district": "Cameron Highlands"}}, {"type": "Feature", "geometry": {"type": "Point", "coordinates": [102.3353, 3.4602]}, "properties": {"district": "Temerloh"}}, {"type": "Feature", "geometry": {"type": "Point", "coordinates": [102.3024, 3.3629]}, "properties": {"district": "Temerloh"}}, {"type": "Feature", "geometry": {"type": "Point", "coordinates": [102.3118, 3.3995]}, "properties": {"district": "Temerloh"}}, {"type": "Feature", "geometry": {"type": "Point", "coordinates": [102.3616, 3.4642]}, "properties": {"district": "Temerloh"}}, {"type": "Feature", "geometry": {"type": "Point", "coordinates": [102.4752, 3.9419]}, "properties": {"district": "Jerantut"}}, {"type": "Feature", "geometry": {"type": "Point", "coordinates": [102.286, 3.3394]}, "properties": {"district": "Temerloh"}}, {"type": "Feature", "geometry": {"type": "Point", "coordinates": [102.4859, 3.4982]}, "properties": {"district": "Temerloh"}}, {"type": "Feature", "geometry": {"type": "Point", "coordinates": [102.4998, 3.2663]}, "properties": {"district": "Bera"}}, {"type": "Feature", "geometry": {"type": "Point", "coordinates": [103.4772, 2.6083]}, "properties": {"district": "Rompin"}}, {"type": "Feature", "geometry": {"type": "Point", "coordinates": [101.8593, 3.5999]}, "properties": {"district": "Bentong"}}, {"type": "Feature", "geometry": {"type": "Point", "coordinates": [102.3087, 3.366]}, "properties": {"district": "Bera"}}, {"type": "Feature", "geometry": {"type": "Point", "coordinates": [103.2462, 3.4387]}, "properties": {"district": "Pekan"}}, {"type": "Feature", "geometry": {"type": "Point", "coordinates": [101.95, 4.239]}, "properties": {"district": "Kuala Lipis"}}, {"type": "Feature", "geometry": {"type": "Point", "coordinates": [102.3848, 4.1207]}, "properties": {"district": "Jerantut"}}, {"type": "Feature", "geometry": {"type": "Point", "coordinates": [102.4066, 3.7767]}, "properties": {"district": "Jerantut"}}, {"type": "Feature", "geometry": {"type": "Point", "coordinates": [103.4408, 2.8083]}, "properties": {"district": "Rompin"}}, {"type": "Feature", "geometry": {"type": "Point", "coordinates": [102.7133, 3.5228]}, "properties": {"district": "Maran"}}, {"type": "Feature", "geometry": {"type": "Point", "coordinates": [103.3386, 3.5653]}, "properties": {"district": "Pekan"}}, {"type": "Feature", "geometry": {"type": "Point", "coordinates": [102.4399, 3.3967]}, "properties": {"district": "Temerloh"}}, {"type": "Feature", "geometry": {"type": "Point", "coordinates": [101.9085, 3.5473]}, "properties": {"district": "Bentong"}}, {"type": "Feature", "geometry": {"type": "Point", "coordinates": [102.5265, 3.8556]}, "properties": {"district": "Jerantut"}}, {"type": "Feature", "geometry": {"type": "Point", "coordinates": [102.473, 4.0336]}, "properties": {"district": "Jerantut"}}, {"type": "Feature", "geometry": {"type": "Point", "coordinates": [101.9538, 3.3924]}, "properties": {"district": "Bentong"}}, {"type": "Feature", "geometry": {"type": "Point", "coordinates": [103.2448, 3.7612]}, "properties": {"district": "Kuantan"}}, {"type": "Feature", "geometry": {"type": "Point", "coordinates": [102.0271, 4.1253]}, "properties": {"district": "Kuala Lipis"}}, {"type": "Feature", "geometry": {"type": "Point", "coordinates": [103.249, 3.514]}, "properties": {"district": "Pekan"}}, {"type": "Feature", "geometry": {"type": "Point", "coordinates": [101.4859, 4.4931]}, "properties": {"district": "Cameron Highlands"}}, {"type": "Feature", "geometry": {"type": "Point", "coordinates": [103.3549, 2.9295]}, "properties": {"district": "Rompin"}}, {"type": "Feature", "geometry": {"type": "Point", "coordinates": [101.9042, 3.4658]}, "properties": {"district": "Bentong"}}, {"type": "Feature", "geometry": {"type": "Point", "coordinates": [103.5572, 2.6855]}, "properties": {"district": "Rompin"}}, {"type": "Feature", "geometry": {"type": "Point", "coordinates": [102.3453, 3.4417]}, "properties": {"district": "Temerloh"}}, {"type": "Feature", "geometry": {"type": "Point", "coordinates": [102.2412, 4.0674]}, "properties": {"district": "Jerantut"}}, {"type": "Feature", "geometry": {"type": "Point", "coordinates": [101.8834, 3.4348]}, "properties": {"district": "Bentong"}}, {"type": "Feature", "geometry": {"type": "Point", "coordinates": [102.4491, 3.6362]}, "properties": {"district": "Temerloh"}}, {"type": "Feature", "geometry": {"type": "Point", "coordinates": [103.4215, 3.4455]}, "properties": {"district": "Pekan"}}, {"type": "Feature", "geometry": {"type": "Point", "coordinates": [102.1425, 4.2548]}, "properties": {"district": "Kuala Lipis"}}, {"type": "Feature", "geometry": {"type": "Point", "coordinates": [103.3901, 2.6767]}, "properties": {"district": "Rompin"}}, {"type": "Feature", "geometry": {"type": "Point", "coordinates": [103.5439, 2.5925]}, "properties": {"district": "Rompin"}}, {"type": "Feature", "geometry": {"type": "Point", "coordinates": [103.3635, 3.0316]}, "properties": {"district": "Rompin"}}, {"type": "Feature", "geometry": {"type": "Point", "coordinates": [101.9758, 3.5217]}, "properties": {"district": "Bentong"}}, {"type": "Feature", "geometry": {"type": "Point", "coordinates": [101.9712, 4.1665]}, "properties": {"district": "Kuala Lipis"}}, {"type": "Feature", "geometry": {"type": "Point", "coordinates": [102.3936, 3.6478]}, "properties": {"district": "Temerloh"}}, {"type": "Feature", "geometry": {"type": "Point", "coordinates": [103.2211, 3.8085]}, "properties": {"district": "Kuantan"}}, {"type": "Feature", "geometry": {"type": "Point", "coordinates": [102.6837, 3.5526]}, "properties": {"district": "Maran"}}, {"type": "Feature", "geometry": {"type": "Point", "coordinates": [102.0998, 4.1897]}, "properties": {"district": "Kuala Lipis"}}, {"type": "Feature", "geometry": {"type": "Point", "coordinates": [102.3482, 3.8421]}, "properties": {"district": "Jerantut"}}, {"type": "Feature", "geometry": {"type": "Point", "coordinates": [102.5369, 3.4335]}, "properties": {"district": "Temerloh"}}, {"type": "Feature", "geometry": {"type": "Point", "coordinates": [103.4428, 2.7325]}, "properties": {"district": "Rompin"}}, {"type": "Feature", "geometry": {"type": "Point", "coordinates": [103.4547, 2.727]}, "properties": {"district": "Rompin"}}, {"type": "Feature", "geometry": {"type": "Point", "coordinates": [103.4078, 2.7962]}, "properties": {"district": "Rompin"}}, {"type": "Feature", "geometry": {"type": "Point", "coordinates": [102.0401, 3.8299]}, "properties": {"district": "Raub"}}, {"type": "Feature", "geometry": {"type": "Point", "coordinates": [102.3996, 3.3413]}, "properties": {"district": "Temerloh"}}, {"type": "Feature", "geometry": {"type": "Point", "coordinates": [101.8317, 3.8865]}, "properties": {"district": "Raub"}}, {"type": "Feature", "geometry": {"type": "Point", "coordinates": [103.1187, 3.7616]}, "properties": {"district": "Kuantan"}}, {"type": "Feature", "geometry": {"type": "Point", "coordinates": [103.4004, 2.8894]}, "properties": {"district": "Rompin"}}, {"type": "Feature", "geometry": {"type": "Point", "coordinates": [102.7895, 3.4529]}, "properties": {"district": "Maran"}}, {"type": "Feature", "geometry": {"type": "Point", "coordinates": [103.4846, 2.6852]}, "properties": {"district": "Rompin"}}, {"type": "Feature", "geometry": {"type": "Point", "coordinates": [102.3468, 4.0557]}, "properties": {"district": "Jerantut"}}, {"type": "Feature", "geometry": {"type": "Point", "coordinates": [102.4144, 3.3552]}, "properties": {"district": "Temerloh"}}, {"type": "Feature", "geometry": {"type": "Point", "coordinates": [101.8192, 4.0965]}, "properties": {"district": "Kuala Lipis"}}, {"type": "Feature", "geometry": {"type": "Point", "coordinates": [103.2935, 3.6798]}, "properties": {"district": "Kuantan"}}, {"type": "Feature", "geometry": {"type": "Point", "coordinates": [103.4051, 2.798]}, "properties": {"district": "Rompin"}}, {"type": "Feature", "geometry": {"type": "Point", "coordinates": [102.928, 3.594]}, "properties": {"district": "Maran"}}, {"type": "Feature", "geometry": {"type": "Point", "coordinates": [103.5083, 2.7543]}, "properties": {"district": "Rompin"}}, {"type": "Feature", "geometry": {"type": "Point", "coordinates": [102.5669, 3.2111]}, "properties": {"district": "Bera"}}, {"type": "Feature", "geometry": {"type": "Point", "coordinates": [102.0032, 4.1389]}, "properties": {"district": "Kuala Lipis"}}, {"type": "Feature", "geometry": {"type": "Point", "coordinates": [103.4604, 2.759]}, "properties": {"district": "Rompin"}}, {"type": "Feature", "geometry": {"type": "Point", "coordinates": [102.5156, 3.5019]}, "properties": {"district": "Temerloh"}}, {"type": "Feature", "geometry": {"type": "Point", "coordinates": [102.4945, 4.6113]}, "properties": {"district": "Kuantan"}}, {"type": "Feature", "geometry": {"type": "Point", "coordinates": [102.4698, 3.9898]}, "properties": {"district": "Jerantut"}}, {"type": "Feature", "geometry": {"type": "Point", "coordinates": [102.4008, 3.4952]}, "properties": {"district": "Temerloh"}}, {"type": "Feature", "geometry": {"type": "Point", "coordinates": [103.2717, 2.6796]}, "properties": {"district": "Rompin"}}, {"type": "Feature", "geometry": {"type": "Point", "coordinates": [102.4294, 3.497]}, "properties": {"district": "Temerloh"}}, {"type": "Feature", "geometry": {"type": "Point", "coordinates": [102.7481, 3.5661]}, "properties": {"district": "Maran"}}, {"type": "Feature", "geometry": {"type": "Point", "coordinates": [103.5884, 2.647]}, "properties": {"district": "Rompin"}}, {"type": "Feature", "geometry": {"type": "Point", "coordinates": [103.4144, 3.478]}, "properties": {"district": "Pekan"}}, {"type": "Feature", "geometry": {"type": "Point", "coordinates": [101.8458, 3.887]}, "properties": {"district": "Raub"}}, {"type": "Feature", "geometry": {"type": "Point", "coordinates": [103.3284, 3.8338]}, "properties": {"district": "Kuantan"}}, {"type": "Feature", "geometry": {"type": "Point", "coordinates": [102.0489, 4.3078]}, "properties": {"district": "Kuala Lipis"}}, {"type": "Feature", "geometry": {"type": "Point", "coordinates": [103.2943, 2.8567]}, "properties": {"district": "Rompin"}}, {"type": "Feature", "geometry": {"type": "Point", "coordinates": [102.531, 3.3129]}, "properties": {"district": "Bera"}}, {"type": "Feature", "geometry": {"type": "Point", "coordinates": [103.2281, 3.7966]}, "properties": {"district": "Kuantan"}}, {"type": "Feature", "geometry": {"type": "Point", "coordinates": [101.9541, 4.2668]}, "properties": {"district": "Kuala Lipis"}}, {"type": "Feature", "geometry": {"type": "Point", "coordinates": [103.3339, 2.8232]}, "properties": {"district": "Rompin"}}, {"type": "Feature", "geometry": {"type": "Point", "coordinates": [103.5369, 2.6629]}, "properties": {"district": "Rompin"}}, {"type": "Feature", "geometry": {"type": "Point", "coordinates": [101.9606, 3.4594]}, "properties": {"district": "Bentong"}}, {"type": "Feature", "geometry": {"type": "Point", "coordinates": [103.447, 2.874]}, "properties": {"district": "Rompin"}}, {"type": "Feature", "geometry": {"type": "Point", "coordinates": [102.4922, 3.4686]}, "properties": {"district": "Temerloh"}}, {"type": "Feature", "geometry": {"type": "Point", "coordinates": [103.4054, 2.9794]}, "properties": {"district": "Rompin"}}, {"type": "Feature", "geometry": {"type": "Point", "coordinates": [101.7901, 3.8044]}, "properties": {"district": "Raub"}}, {"type": "Feature", "geometry": {"type": "Point", "coordinates": [101.8718, 3.7448]}, "properties": {"district": "Raub"}}, {"type": "Feature", "geometry": {"type": "Point", "coordinates": [103.4381, 2.7758]}, "properties": {"district": "Rompin"}}, {"type": "Feature", "geometry": {"type": "Point", "coordinates": [102.8344, 3.6713]}, "properties": {"district": "Maran"}}, {"type": "Feature", "geometry": {"type": "Point", "coordinates": [103.4667, 2.6689]}, "properties": {"district": "Rompin"}}, {"type": "Feature", "geometry": {"type": "Point", "coordinates": [101.8462, 3.7224]}, "properties": {"district": "Raub"}}, {"type": "Feature", "geometry": {"type": "Point", "coordinates": [101.9592, 3.6433]}, "properties": {"district": "Bentong"}}, {"type": "Feature", "geometry": {"type": "Point", "coordinates": [102.8254, 3.6959]}, "properties": {"district": "Maran"}}, {"type": "Feature", "geometry": {"type": "Point", "coordinates": [102.3322, 4.0507]}, "properties": {"district": "Jerantut"}}, {"type": "Feature", "geometry": {"type": "Point", "coordinates": [102.0322, 3.673]}, "properties": {"district": "Bentong"}}, {"type": "Feature", "geometry": {"type": "Point", "coordinates": [102.3236, 3.3377]}, "properties": {"district": "Temerloh"}}, {"type": "Feature", "geometry": {"type": "Point", "coordinates": [103.1845, 3.819]}, "properties": {"district": "Kuantan"}}, {"type": "Feature", "geometry": {"type": "Point", "coordinates": [101.8931, 3.6048]}, "properties": {"district": "Bentong"}}, {"type": "Feature", "geometry": {"type": "Point", "coordinates": [103.3219, 3.7188]}, "properties": {"district": "Kuantan"}}, {"type": "Feature", "geometry": {"type": "Point", "coordinates": [102.4798, 3.5226]}, "properties": {"district": "Temerloh"}}, {"type": "Feature", "geometry": {"type": "Point", "coordinates": [102.8002, 3.4962]}, "properties": {"district": "Maran"}}, {"type": "Feature", "geometry": {"type": "Point", "coordinates": [102.3748, 3.9714]}, "properties": {"district": "Jerantut"}}, {"type": "Feature", "geometry": {"type": "Point", "coordinates": [103.4656, 2.7835]}, "properties": {"district": "Rompin"}}, {"type": "Feature", "geometry": {"type": "Point", "coordinates": [101.3689, 4.4878]}, "properties": {"district": "Cameron Highlands"}}, {"type": "Feature", "geometry": {"type": "Point", "coordinates": [103.3996, 2.895]}, "properties": {"district": "Rompin"}}, {"type": "Feature", "geometry": {"type": "Point", "coordinates": [101.9076, 3.4801]}, "properties": {"district": "Bentong"}}, {"type": "Feature", "geometry": {"type": "Point", "coordinates": [102.5296, 3.0651]}, "properties": {"district": "Bera"}}, {"type": "Feature", "geometry": {"type": "Point", "coordinates": [102.0555, 4.2087]}, "properties": {"district": "Kuala Lipis"}}, {"type": "Feature", "geometry": {"type": "Point", "coordinates": [102.3753, 3.3256]}, "properties": {"district": "Temerloh"}}, {"type": "Feature", "geometry": {"type": "Point", "coordinates": [102.463, 3.3618]}, "properties": {"district": "Temerloh"}}, {"type": "Feature", "geometry": {"type": "Point", "coordinates": [103.3231, 3.845]}, "properties": {"district": "Kuantan"}}, {"type": "Feature", "geometry": {"type": "Point", "coordinates": [102.4216, 3.2105]}, "properties": {"district": "Bera"}}, {"type": "Feature", "geometry": {"type": "Point", "coordinates": [103.3989, 2.7137]}, "properties": {"district": "Rompin"}}, {"type": "Feature", "geometry": {"type": "Point", "coordinates": [102.07, 3.8713]}, "properties": {"district": "Raub"}}, {"type": "Feature", "geometry": {"type": "Point", "coordinates": [102.4731, 3.4849]}, "properties": {"district": "Temerloh"}}, {"type": "Feature", "geometry": {"type": "Point", "coordinates": [103.2621, 3.756]}, "properties": {"district": "Kuantan"}}, {"type": "Feature", "geometry": {"type": "Point", "coordinates": [103.2645, 3.9007]}, "properties": {"district": "Kuantan"}}, {"type": "Feature", "geometry": {"type": "Point", "coordinates": [103.3663, 3.5221]}, "properties": {"district": "Pekan"}}, {"type": "Feature", "geometry": {"type": "Point", "coordinates": [102.819, 3.5536]}, "properties": {"district": "Maran"}}, {"type": "Feature", "geometry": {"type": "Point", "coordinates": [102.443, 3.3628]}, "properties": {"district": "Bera"}}, {"type": "Feature", "geometry": {"type": "Point", "coordinates": [102.4495, 3.1957]}, "properties": {"district": "Bera"}}, {"type": "Feature", "geometry": {"type": "Point", "coordinates": [102.4337, 3.3041]}, "properties": {"district": "Temerloh"}}, {"type": "Feature", "geometry": {"type": "Point", "coordinates": [102.504, 3.6005]}, "properties": {"district": "Temerloh"}}, {"type": "Feature", "geometry": {"type": "Point", "coordinates": [103.3106, 3.8689]}, "properties": {"district": "Kuantan"}}, {"type": "Feature", "geometry": {"type": "Point", "coordinates": [102.3499, 3.4894]}, "properties": {"district": "Temerloh"}}, {"type": "Feature", "geometry": {"type": "Point", "coordinates": [102.7345, 3.661]}, "properties": {"district": "Maran"}}, {"type": "Feature", "geometry": {"type": "Point", "coordinates": [101.8674, 3.4785]}, "properties": {"district": "Bentong"}}, {"type": "Feature", "geometry": {"type": "Point", "coordinates": [103.5346, 2.6894]}, "properties": {"district": "Rompin"}}, {"type": "Feature", "geometry": {"type": "Point", "coordinates": [102.4339, 3.3917]}, "properties": {"district": "Temerloh"}}, {"type": "Feature", "geometry": {"type": "Point", "coordinates": [103.4275, 3.3974]}, "properties": {"district": "Pekan"}}, {"type": "Feature", "geometry": {"type": "Point", "coordinates": [102.3972, 3.3555]}, "properties": {"district": "Temerloh"}}, {"type": "Feature", "geometry": {"type": "Point", "coordinates": [102.6248, 3.5456]}, "properties": {"district": "Temerloh"}}, {"type": "Feature", "geometry": {"type": "Point", "coordinates": [101.9564, 3.4578]}, "properties": {"district": "Bentong"}}, {"type": "Feature", "geometry": {"type": "Point", "coordinates": [101.8513, 4.1536]}, "properties": {"district": "Kuala Lipis"}}, {"type": "Feature", "geometry": {"type": "Point", "coordinates": [101.8601, 3.3525]}, "properties": {"district": "Bentong"}}, {"type": "Feature", "geometry": {"type": "Point", "coordinates": [101.9364, 3.75]}, "properties": {"district": "Raub"}}, {"type": "Feature", "geometry": {"type": "Point", "coordinates": [101.9007, 3.8571]}, "properties": {"district": "Raub"}}, {"type": "Feature", "geometry": {"type": "Point", "coordinates": [102.0057, 4.1275]}, "properties": {"district": "Kuala Lipis"}}, {"type": "Feature", "geometry": {"type": "Point", "coordinates": [102.487, 3.7842]}, "properties": {"district": "Jerantut"}}, {"type": "Feature", "geometry": {"type": "Point", "coordinates": [102.4157, 3.4829]}, "properties": {"district": "Temerloh"}}, {"type": "Feature", "geometry": {"type": "Point", "coordinates": [103.3179, 3.5265]}, "properties": {"district": "Pekan"}}, {"type": "Feature", "geometry": {"type": "Point", "coordinates": [103.5101, 2.7434]}, "properties": {"district": "Rompin"}}, {"type": "Feature", "geometry": {"type": "Point", "coordinates": [103.2183, 3.8774]}, "properties": {"district": "Kuantan"}}, {"type": "Feature", "geometry": {"type": "Point", "coordinates": [103.5018, 2.5815]}, "properties": {"district": "Rompin"}}, {"type": "Feature", "geometry": {"type": "Point", "coordinates": [102.432, 3.4917]}, "properties": {"district": "Temerloh"}}, {"type": "Feature", "geometry": {"type": "Point", "coordinates": [102.3983, 3.4834]}, "properties": {"district": "Temerloh"}}, {"type": "Feature", "geometry": {"type": "Point", "coordinates": [102.4296, 3.3733]}, "properties": {"district": "Temerloh"}}, {"type": "Feature", "geometry": {"type": "Point", "coordinates": [102.7622, 3.6856]}, "properties": {"district": "Maran"}}, {"type": "Feature", "geometry": {"type": "Point", "coordinates": [102.4125, 3.4708]}, "properties": {"district": "Temerloh"}}, {"type": "Feature", "geometry": {"type": "Point", "coordinates": [102.7648, 3.5378]}, "properties": {"district": "Maran"}}, {"type": "Feature", "geometry": {"type": "Point", "coordinates": [102.811, 3.566]}, "properties": {"district": "Maran"}}, {"type": "Feature", "geometry": {"type": "Point", "coordinates": [103.4595, 2.8509]}, "properties": {"district": "Rompin"}}, {"type": "Feature", "geometry": {"type": "Point", "coordinates": [101.9941, 4.2729]}, "properties": {"district": "Kuala Lipis"}}, {"type": "Feature", "geometry": {"type": "Point", "coordinates": [102.3939, 3.2998]}, "properties": {"district": "Temerloh"}}, {"type": "Feature", "geometry": {"type": "Point", "coordinates": [101.94, 4.0786]}, "properties": {"district": "Kuala Lipis"}}, {"type": "Feature", "geometry": {"type": "Point", "coordinates": [102.4895, 3.4849]}, "properties": {"district": "Temerloh"}}, {"type": "Feature", "geometry": {"type": "Point", "coordinates": [103.4694, 2.783]}, "properties": {"district": "Rompin"}}, {"type": "Feature", "geometry": {"type": "Point", "coordinates": [102.0001, 4.1923]}, "properties": {"district": "Kuala Lipis"}}, {"type": "Feature", "geometry": {"type": "Point", "coordinates": [101.8971, 3.8679]}, "properties": {"district": "Raub"}}, {"type": "Feature", "geometry": {"type": "Point", "coordinates": [102.2712, 3.3983]}, "properties": {"district": "Temerloh"}}, {"type": "Feature", "geometry": {"type": "Point", "coordinates": [103.4097, 3.5727]}, "properties": {"district": "Pekan"}}, {"type": "Feature", "geometry": {"type": "Point", "coordinates": [101.4458, 4.5506]}, "properties": {"district": "Cameron Highlands"}}, {"type": "Feature", "geometry": {"type": "Point", "coordinates": [101.9196, 3.7088]}, "properties": {"district": "Raub"}}, {"type": "Feature", "geometry": {"type": "Point", "coordinates": [103.2585, 3.788]}, "properties": {"district": "Kuantan"}}, {"type": "Feature", "geometry": {"type": "Point", "coordinates": [102.0611, 4.2264]}, "properties": {"district": "Kuala Lipis"}}, {"type": "Feature", "geometry": {"type": "Point", "coordinates": [102.0443, 3.5257]}, "properties": {"district": "Bentong"}}, {"type": "Feature", "geometry": {"type": "Point", "coordinates": [102.3442, 3.9255]}, "properties": {"district": "Jerantut"}}, {"type": "Feature", "geometry": {"type": "Point", "coordinates": [103.4839, 2.7272]}, "properties": {"district": "Rompin"}}, {"type": "Feature", "geometry": {"type": "Point", "coordinates": [103.1606, 3.7901]}, "properties": {"district": "Kuantan"}}, {"type": "Feature", "geometry": {"type": "Point", "coordinates": [102.8414, 3.4506]}, "properties": {"district": "Maran"}}, {"type": "Feature", "geometry": {"type": "Point", "coordinates": [103.3265, 3.7913]}, "properties": {"district": "Kuantan"}}, {"type": "Feature", "geometry": {"type": "Point", "coordinates": [103.4053, 2.7605]}, "properties": {"district": "Rompin"}}, {"type": "Feature", "geometry": {"type": "Point", "coordinates": [102.1272, 3.5606]}, "properties": {"district": "Bentong"}}, {"type": "Feature", "geometry": {"type": "Point", "coordinates": [102.4391, 3.3797]}, "properties": {"district": "Temerloh"}}, {"type": "Feature", "geometry": {"type": "Point", "coordinates": [101.8587, 3.876]}, "properties": {"district": "Raub"}}, {"type": "Feature", "geometry": {"type": "Point", "coordinates": [103.3302, 3.4571]}, "properties": {"district": "Pekan"}}, {"type": "Feature", "geometry": {"type": "Point", "coordinates": [103.1993, 3.6635]}, "properties": {"district": "Kuantan"}}, {"type": "Feature", "geometry": {"type": "Point", "coordinates": [102.4293, 3.412]}, "properties": {"district": "Temerloh"}}, {"type": "Feature", "geometry": {"type": "Point", "coordinates": [103.2768, 3.8193]}, "properties": {"district": "Kuantan"}}, {"type": "Feature", "geometry": {"type": "Point", "coordinates": [102.3463, 3.4291]}, "properties": {"district": "Temerloh"}}, {"type": "Feature", "geometry": {"type": "Point", "coordinates": [103.4542, 2.6968]}, "properties": {"district": "Rompin"}}, {"type": "Feature", "geometry": {"type": "Point", "coordinates": [103.3959, 3.4812]}, "properties": {"district": "Pekan"}}, {"type": "Feature", "geometry": {"type": "Point", "coordinates": [103.3125, 3.8487]}, "properties": {"district": "Kuantan"}}, {"type": "Feature", "geometry": {"type": "Point", "coordinates": [102.0829, 4.1228]}, "properties": {"district": "Kuala Lipis"}}, {"type": "Feature", "geometry": {"type": "Point", "coordinates": [103.3093, 3.805]}, "properties": {"district": "Kuantan"}}, {"type": "Feature", "geometry": {"type": "Point", "coordinates": [102.7293, 3.827]}, "properties": {"district": "Maran"}}, {"type": "Feature", "geometry": {"type": "Point", "coordinates": [101.8265, 3.535]}, "properties": {"district": "Bentong"}}, {"type": "Feature", "geometry": {"type": "Point", "coordinates": [102.0117, 3.5906]}, "properties": {"district": "Bentong"}}, {"type": "Feature", "geometry": {"type": "Point", "coordinates": [102.5596, 3.3989]}, "properties": {"district": "Temerloh"}}, {"type": "Feature", "geometry": {"type": "Point", "coordinates": [101.8211, 3.4467]}, "properties": {"district": "Bentong"}}, {"type": "Feature", "geometry": {"type": "Point", "coordinates": [103.2706, 3.6622]}, "properties": {"district": "Kuantan"}}, {"type": "Feature", "geometry": {"type": "Point", "coordinates": [102.2846, 3.5549]}, "properties": {"district": "Temerloh"}}, {"type": "Feature", "geometry": {"type": "Point", "coordinates": [103.4644, 2.6729]}, "properties": {"district": "Rompin"}}, {"type": "Feature", "geometry": {"type": "Point", "coordinates": [103.4407, 2.6884]}, "properties": {"district": "Rompin"}}, {"type": "Feature", "geometry": {"type": "Point", "coordinates": [103.4095, 2.7779]}, "properties": {"district": "Rompin"}}, {"type": "Feature", "geometry": {"type": "Point", "coordinates": [102.3611, 3.8886]}, "properties": {"district": "Jerantut"}}, {"type": "Feature", "geometry": {"type": "Point", "coordinates": [103.2964, 3.8006]}, "properties": {"district": "Kuantan"}}, {"type": "Feature", "geometry": {"type": "Point", "coordinates": [102.3892, 3.3063]}, "properties": {"district": "Temerloh"}}, {"type": "Feature", "geometry": {"type": "Point", "coordinates": [102.8133, 3.5763]}, "properties": {"district": "Maran"}}, {"type": "Feature", "geometry": {"type": "Point", "coordinates": [102.2545, 3.4929]}, "properties": {"district": "Temerloh"}}, {"type": "Feature", "geometry": {"type": "Point", "coordinates": [103.4197, 2.7078]}, "properties": {"district": "Rompin"}}, {"type": "Feature", "geometry": {"type": "Point", "coordinates": [102.3484, 3.3497]}, "properties": {"district": "Temerloh"}}, {"type": "Feature", "geometry": {"type": "Point", "coordinates": [102.2518, 3.9188]}, "properties": {"district": "Jerantut"}}, {"type": "Feature", "geometry": {"type": "Point", "coordinates": [102.3947, 3.2482]}, "properties": {"district": "Temerloh"}}, {"type": "Feature", "geometry": {"type": "Point", "coordinates": [103.3379, 3.4903]}, "properties": {"district": "Pekan"}}, {"type": "Feature", "geometry": {"type": "Point", "coordinates": [103.4311, 3.5158]}, "properties": {"district": "Pekan"}}, {"type": "Feature", "geometry": {"type": "Point", "coordinates": [103.5188, 2.7547]}, "properties": {"district": "Rompin"}}, {"type": "Feature", "geometry": {"type": "Point", "coordinates": [102.7397, 3.6419]}, "properties": {"district": "Maran"}}, {"type": "Feature", "geometry": {"type": "Point", "coordinates": [103.2586, 3.6919]}, "properties": {"district": "Kuantan"}}, {"type": "Feature", "geometry": {"type": "Point", "coordinates": [102.1842, 4.1244]}, "properties": {"district": "Kuala Lipis"}}, {"type": "Feature", "geometry": {"type": "Point", "coordinates": [101.3943, 4.4673]}, "properties": {"district": "Cameron Highlands"}}, {"type": "Feature", "geometry": {"type": "Point", "coordinates": [102.3422, 4.0526]}, "properties": {"district": "Jerantut"}}, {"type": "Feature", "geometry": {"type": "Point", "coordinates": [103.1646, 2.8598]}, "properties": {"district": "Rompin"}}, {"type": "Feature", "geometry": {"type": "Point", "coordinates": [102.0227, 4.3797]}, "properties": {"district": "Kuala Lipis"}}, {"type": "Feature", "geometry": {"type": "Point", "coordinates": [101.9413, 3.4604]}, "properties": {"district": "Bentong"}}, {"type": "Feature", "geometry": {"type": "Point", "coordinates": [102.7252, 3.6891]}, "properties": {"district": "Maran"}}, {"type": "Feature", "geometry": {"type": "Point", "coordinates": [103.4534, 3.5394]}, "properties": {"district": "Pekan"}}, {"type": "Feature", "geometry": {"type": "Point", "coordinates": [102.4905, 3.3359]}, "properties": {"district": "Bera"}}, {"type": "Feature", "geometry": {"type": "Point", "coordinates": [101.7865, 3.7878]}, "properties": {"district": "Raub"}}, {"type": "Feature", "geometry": {"type": "Point", "coordinates": [101.8835, 4.02]}, "properties": {"district": "Kuala Lipis"}}, {"type": "Feature", "geometry": {"type": "Point", "coordinates": [102.4223, 3.212]}, "properties": {"district": "Bera"}}, {"type": "Feature", "geometry": {"type": "Point", "coordinates": [102.7804, 3.5699]}, "properties": {"district": "Maran"}}, {"type": "Feature", "geometry": {"type": "Point", "coordinates": [102.3813, 3.1386]}, "properties": {"district": "Bera"}}, {"type": "Feature", "geometry": {"type": "Point", "coordinates": [102.2996, 4.0233]}, "properties": {"district": "Jerantut"}}, {"type": "Feature", "geometry": {"type": "Point", "coordinates": [102.0745, 4.19]}, "properties": {"district": "Kuala Lipis"}}, {"type": "Feature", "geometry": {"type": "Point", "coordinates": [102.3961, 3.8505]}, "properties": {"district": "Jerantut"}}, {"type": "Feature", "geometry": {"type": "Point", "coordinates": [102.7896, 3.3142]}, "properties": {"district": "Maran"}}, {"type": "Feature", "geometry": {"type": "Point", "coordinates": [102.467, 3.2249]}, "properties": {"district": "Bera"}}, {"type": "Feature", "geometry": {"type": "Point", "coordinates": [102.3397, 3.5152]}, "properties": {"district": "Temerloh"}}, {"type": "Feature", "geometry": {"type": "Point", "coordinates": [101.9666, 3.8088]}, "properties": {"district": "Raub"}}, {"type": "Feature", "geometry": {"type": "Point", "coordinates": [103.432, 2.8377]}, "properties": {"district": "Rompin"}}, {"type": "Feature", "geometry": {"type": "Point", "coordinates": [102.7705, 3.421]}, "properties": {"district": "Maran"}}, {"type": "Feature", "geometry": {"type": "Point", "coordinates": [102.4298, 3.4087]}, "properties": {"district": "Temerloh"}}, {"type": "Feature", "geometry": {"type": "Point", "coordinates": [102.7744, 3.5296]}, "properties": {"district": "Maran"}}, {"type": "Feature", "geometry": {"type": "Point", "coordinates": [103.403, 3.4635]}, "properties": {"district": "Pekan"}}, {"type": "Feature", "geometry": {"type": "Point", "coordinates": [102.1594, 4.0982]}, "properties": {"district": "Kuala Lipis"}}, {"type": "Feature", "geometry": {"type": "Point", "coordinates": [101.8432, 3.4145]}, "properties": {"district": "Bentong"}}, {"type": "Feature", "geometry": {"type": "Point", "coordinates": [103.415, 2.9075]}, "properties": {"district": "Rompin"}}, {"type": "Feature", "geometry": {"type": "Point", "coordinates": [101.8977, 3.5903]}, "properties": {"district": "Bentong"}}, {"type": "Feature", "geometry": {"type": "Point", "coordinates": [102.6283, 3.2774]}, "properties": {"district": "Bera"}}, {"type": "Feature", "geometry": {"type": "Point", "coordinates": [102.4917, 3.5644]}, "properties": {"district": "Temerloh"}}, {"type": "Feature", "geometry": {"type": "Point", "coordinates": [102.3523, 3.4924]}, "properties": {"district": "Temerloh"}}, {"type": "Feature", "geometry": {"type": "Point", "coordinates": [101.8728, 3.797]}, "properties": {"district": "Raub"}}, {"type": "Feature", "geometry": {"type": "Point", "coordinates": [102.4244, 3.3016]}, "properties": {"district": "Bera"}}, {"type": "Feature", "geometry": {"type": "Point", "coordinates": [101.3575, 4.463]}, "properties": {"district": "Cameron Highlands"}}, {"type": "Feature", "geometry": {"type": "Point", "coordinates": [101.5964, 4.0024]}, "properties": {"district": "Pekan"}}, {"type": "Feature", "geometry": {"type": "Point", "coordinates": [101.7593, 3.7459]}, "properties": {"district": "Raub"}}, {"type": "Feature", "geometry": {"type": "Point", "coordinates": [101.8831, 3.621]}, "properties": {"district": "Bentong"}}, {"type": "Feature", "geometry": {"type": "Point", "coordinates": [103.3627, 2.8629]}, "properties": {"district": "Rompin"}}, {"type": "Feature", "geometry": {"type": "Point", "coordinates": [102.3991, 3.9087]}, "properties": {"district": "Jerantut"}}, {"type": "Feature", "geometry": {"type": "Point", "coordinates": [102.8466, 3.4462]}, "properties": {"district": "Maran"}}, {"type": "Feature", "geometry": {"type": "Point", "coordinates": [101.9735, 3.6242]}, "properties": {"district": "Bentong"}}, {"type": "Feature", "geometry": {"type": "Point", "coordinates": [103.3141, 3.8231]}, "properties": {"district": "Kuantan"}}, {"type": "Feature", "geometry": {"type": "Point", "coordinates": [103.313, 3.7642]}, "properties": {"district": "Kuantan"}}, {"type": "Feature", "geometry": {"type": "Point", "coordinates": [103.3786, 2.7694]}, "properties": {"district": "Rompin"}}, {"type": "Feature", "geometry": {"type": "Point", "coordinates": [103.2229, 2.8802]}, "properties": {"district": "Rompin"}}, {"type": "Feature", "geometry": {"type": "Point", "coordinates": [102.0205, 4.1821]}, "properties": {"district": "Kuala Lipis"}}, {"type": "Feature", "geometry": {"type": "Point", "coordinates": [103.0653, 4.1142]}, "properties": {"district": "Maran"}}, {"type": "Feature", "geometry": {"type": "Point", "coordinates": [102.475, 3.5078]}, "properties": {"district": "Temerloh"}}, {"type": "Feature", "geometry": {"type": "Point", "coordinates": [101.3896, 4.4581]}, "properties": {"district": "Cameron Highlands"}}, {"type": "Feature", "geometry": {"type": "Point", "coordinates": [102.0326, 3.5303]}, "properties": {"district": "Bentong"}}, {"type": "Feature", "geometry": {"type": "Point", "coordinates": [102.2275, 4.0349]}, "properties": {"district": "Jerantut"}}, {"type": "Feature", "geometry": {"type": "Point", "coordinates": [103.2597, 3.6796]}, "properties": {"district": "Kuantan"}}, {"type": "Feature", "geometry": {"type": "Point", "coordinates": [103.4003, 2.7128]}, "properties": {"district": "Rompin"}}, {"type": "Feature", "geometry": {"type": "Point", "coordinates": [102.213, 4.1664]}, "properties": {"district": "Kuala Lipis"}}, {"type": "Feature", "geometry": {"type": "Point", "coordinates": [103.4202, 2.6559]}, "properties": {"district": "Rompin"}}, {"type": "Feature", "geometry": {"type": "Point", "coordinates": [103.2465, 3.8348]}, "properties": {"district": "Kuantan"}}, {"type": "Feature", "geometry": {"type": "Point", "coordinates": [102.0714, 4.0728]}, "properties": {"district": "Kuala Lipis"}}, {"type": "Feature", "geometry": {"type": "Point", "coordinates": [103.3497, 2.7053]}, "properties": {"district": "Rompin"}}, {"type": "Feature", "geometry": {"type": "Point", "coordinates": [103.5047, 2.7593]}, "properties": {"district": "Rompin"}}, {"type": "Feature", "geometry": {"type": "Point", "coordinates": [101.3722, 4.4155]}, "properties": {"district": "Cameron Highlands"}}, {"type": "Feature", "geometry": {"type": "Point", "coordinates": [101.9267, 3.4798]}, "properties": {"district": "Bentong"}}, {"type": "Feature", "geometry": {"type": "Point", "coordinates": [102.5736, 3.2671]}, "properties": {"district": "Bera"}}, {"type": "Feature", "geometry": {"type": "Point", "coordinates": [102.7655, 3.5353]}, "properties": {"district": "Maran"}}, {"type": "Feature", "geometry": {"type": "Point", "coordinates": [102.3359, 3.7936]}, "properties": {"district": "Jerantut"}}, {"type": "Feature", "geometry": {"type": "Point", "coordinates": [101.3986, 4.4924]}, "properties": {"district": "Cameron Highlands"}}, {"type": "Feature", "geometry": {"type": "Point", "coordinates": [102.4088, 3.7762]}, "properties": {"district": "Jerantut"}}, {"type": "Feature", "geometry": {"type": "Point", "coordinates": [101.8696, 3.7326]}, "properties": {"district": "Raub"}}, {"type": "Feature", "geometry": {"type": "Point", "coordinates": [102.0487, 4.2266]}, "properties": {"district": "Kuala Lipis"}}, {"type": "Feature", "geometry": {"type": "Point", "coordinates": [102.3181, 3.4438]}, "properties": {"district": "Temerloh"}}, {"type": "Feature", "geometry": {"type": "Point", "coordinates": [103.2726, 3.5578]}, "properties": {"district": "Pekan"}}, {"type": "Feature", "geometry": {"type": "Point", "coordinates": [102.2423, 3.9592]}, "properties": {"district": "Jerantut"}}, {"type": "Feature", "geometry": {"type": "Point", "coordinates": [103.3889, 3.4648]}, "properties": {"district": "Pekan"}}, {"type": "Feature", "geometry": {"type": "Point", "coordinates": [101.8921, 3.5717]}, "properties": {"district": "Bentong"}}, {"type": "Feature", "geometry": {"type": "Point", "coordinates": [102.4231, 3.811]}, "properties": {"district": "Jerantut"}}, {"type": "Feature", "geometry": {"type": "Point", "coordinates": [101.9658, 3.5598]}, "properties": {"district": "Bentong"}}, {"type": "Feature", "geometry": {"type": "Point", "coordinates": [101.9034, 3.4873]}, "properties": {"district": "Bentong"}}, {"type": "Feature", "geometry": {"type": "Point", "coordinates": [102.8035, 3.5143]}, "properties": {"district": "Maran"}}, {"type": "Feature", "geometry": {"type": "Point", "coordinates": [101.8607, 3.6358]}, "properties": {"district": "Bentong"}}, {"type": "Feature", "geometry": {"type": "Point", "coordinates": [102.4417, 3.8675]}, "properties": {"district": "Jerantut"}}, {"type": "Feature", "geometry": {"type": "Point", "coordinates": [103.277, 3.6171]}, "properties": {"district": "Pekan"}}, {"type": "Feature", "geometry": {"type": "Point", "coordinates": [102.6872, 3.5873]}, "properties": {"district": "Maran"}}, {"type": "Feature", "geometry": {"type": "Point", "coordinates": [103.3109, 3.8248]}, "properties": {"district": "Kuantan"}}, {"type": "Feature", "geometry": {"type": "Point", "coordinates": [102.1052, 4.1946]}, "properties": {"district": "Kuala Lipis"}}, {"type": "Feature", "geometry": {"type": "Point", "coordinates": [102.6533, 3.5051]}, "properties": {"district": "Maran"}}, {"type": "Feature", "geometry": {"type": "Point", "coordinates": [101.8246, 3.9028]}, "properties": {"district": "Raub"}}, {"type": "Feature", "geometry": {"type": "Point", "coordinates": [102.4166, 3.3345]}, "properties": {"district": "Temerloh"}}, {"type": "Feature", "geometry": {"type": "Point", "coordinates": [103.2439, 3.7636]}, "properties": {"district": "Kuantan"}}, {"type": "Feature", "geometry": {"type": "Point", "coordinates": [103.5099, 2.508]}, "properties": {"district": "Rompin"}}, {"type": "Feature", "geometry": {"type": "Point", "coordinates": [102.513, 3.505]}, "properties": {"district": "Temerloh"}}, {"type": "Feature", "geometry": {"type": "Point", "coordinates": [102.4678, 3.947]}, "properties": {"district": "Jerantut"}}, {"type": "Feature", "geometry": {"type": "Point", "coordinates": [101.9022, 3.4819]}, "properties": {"district": "Bentong"}}, {"type": "Feature", "geometry": {"type": "Point", "coordinates": [103.1587, 3.5551]}, "properties": {"district": "Pekan"}}, {"type": "Feature", "geometry": {"type": "Point", "coordinates": [103.3686, 2.6749]}, "properties": {"district": "Rompin"}}, {"type": "Feature", "geometry": {"type": "Point", "coordinates": [102.2948, 3.7634]}, "properties": {"district": "Jerantut"}}, {"type": "Feature", "geometry": {"type": "Point", "coordinates": [102.464, 3.5197]}, "properties": {"district": "Temerloh"}}, {"type": "Feature", "geometry": {"type": "Point", "coordinates": [102.28, 3.5674]}, "properties": {"district": "Temerloh"}}, {"type": "Feature", "geometry": {"type": "Point", "coordinates": [102.7003, 3.5937]}, "properties": {"district": "Maran"}}, {"type": "Feature", "geometry": {"type": "Point", "coordinates": [101.8632, 3.5606]}, "properties": {"district": "Bentong"}}, {"type": "Feature", "geometry": {"type": "Point", "coordinates": [101.9883, 3.6088]}, "properties": {"district": "Bentong"}}, {"type": "Feature", "geometry": {"type": "Point", "coordinates": [101.9368, 4.1282]}, "properties": {"district": "Kuala Lipis"}}, {"type": "Feature", "geometry": {"type": "Point", "coordinates": [102.4926, 3.5353]}, "properties": {"district": "Temerloh"}}, {"type": "Feature", "geometry": {"type": "Point", "coordinates": [102.8332, 3.5855]}, "properties": {"district": "Maran"}}, {"type": "Feature", "geometry": {"type": "Point", "coordinates": [103.3409, 3.5339]}, "properties": {"district": "Pekan"}}, {"type": "Feature", "geometry": {"type": "Point", "coordinates": [102.4119, 3.4271]}, "properties": {"district": "Temerloh"}}, {"type": "Feature", "geometry": {"type": "Point", "coordinates": [102.4081, 3.93]}, "properties": {"district": "Jerantut"}}, {"type": "Feature", "geometry": {"type": "Point", "coordinates": [102.0508, 4.3659]}, "properties": {"district": "Kuala Lipis"}}, {"type": "Feature", "geometry": {"type": "Point", "coordinates": [103.4301, 2.8486]}, "properties": {"district": "Rompin"}}, {"type": "Feature", "geometry": {"type": "Point", "coordinates": [103.4572, 2.6849]}, "properties": {"district": "Rompin"}}, {"type": "Feature", "geometry": {"type": "Point", "coordinates": [103.257, 3.7694]}, "properties": {"district": "Kuantan"}}, {"type": "Feature", "geometry": {"type": "Point", "coordinates": [102.4824, 3.4807]}, "properties": {"district": "Temerloh"}}, {"type": "Feature", "geometry": {"type": "Point", "coordinates": [102.226, 4.0044]}, "properties": {"district": "Jerantut"}}, {"type": "Feature", "geometry": {"type": "Point", "coordinates": [101.9828, 4.191]}, "properties": {"district": "Kuala Lipis"}}, {"type": "Feature", "geometry": {"type": "Point", "coordinates": [102.6513, 3.4934]}, "properties": {"district": "Maran"}}, {"type": "Feature", "geometry": {"type": "Point", "coordinates": [101.8392, 3.6196]}, "properties": {"district": "Bentong"}}, {"type": "Feature", "geometry": {"type": "Point", "coordinates": [103.3002, 2.7356]}, "properties": {"district": "Rompin"}}, {"type": "Feature", "geometry": {"type": "Point", "coordinates": [102.0305, 4.1408]}, "properties": {"district": "Kuala Lipis"}}, {"type": "Feature", "geometry": {"type": "Point", "coordinates": [103.3661, 3.8205]}, "properties": {"district": "Kuantan"}}, {"type": "Feature", "geometry": {"type": "Point", "coordinates": [103.5453, 2.6641]}, "properties": {"district": "Rompin"}}, {"type": "Feature", "geometry": {"type": "Point", "coordinates": [101.9295, 3.4891]}, "properties": {"district": "Bentong"}}, {"type": "Feature", "geometry": {"type": "Point", "coordinates": [103.3045, 2.7387]}, "properties": {"district": "Rompin"}}, {"type": "Feature", "geometry": {"type": "Point", "coordinates": [101.8596, 3.6433]}, "properties": {"district": "Bentong"}}, {"type": "Feature", "geometry": {"type": "Point", "coordinates": [102.3432, 3.3029]}, "properties": {"district": "Temerloh"}}, {"type": "Feature", "geometry": {"type": "Point", "coordinates": [103.4151, 2.7034]}, "properties": {"district": "Rompin"}}, {"type": "Feature", "geometry": {"type": "Point", "coordinates": [102.3373, 3.3769]}, "properties": {"district": "Temerloh"}}, {"type": "Feature", "geometry": {"type": "Point", "coordinates": [102.4256, 3.2341]}, "properties": {"district": "Bera"}}, {"type": "Feature", "geometry": {"type": "Point", "coordinates": [103.3617, 2.8838]}, "properties": {"district": "Rompin"}}, {"type": "Feature", "geometry": {"type": "Point", "coordinates": [102.0739, 4.2858]}, "properties": {"district": "Kuala Lipis"}}, {"type": "Feature", "geometry": {"type": "Point", "coordinates": [102.7691, 3.5654]}, "properties": {"district": "Maran"}}, {"type": "Feature", "geometry": {"type": "Point", "coordinates": [102.6269, 3.5566]}, "properties": {"district": "Maran"}}, {"type": "Feature", "geometry": {"type": "Point", "coordinates": [101.8974, 3.4531]}, "properties": {"district": "Bentong"}}, {"type": "Feature", "geometry": {"type": "Point", "coordinates": [102.4837, 3.4401]}, "properties": {"district": "Temerloh"}}, {"type": "Feature", "geometry": {"type": "Point", "coordinates": [101.8176, 3.9241]}, "properties": {"district": "Raub"}}, {"type": "Feature", "geometry": {"type": "Point", "coordinates": [102.185, 4.359]}, "properties": {"district": "Kuala Lipis"}}, {"type": "Feature", "geometry": {"type": "Point", "coordinates": [102.2653, 4.0168]}, "properties": {"district": "Jerantut"}}, {"type": "Feature", "geometry": {"type": "Point", "coordinates": [103.4622, 2.8269]}, "properties": {"district": "Rompin"}}, {"type": "Feature", "geometry": {"type": "Point", "coordinates": [103.3922, 2.7176]}, "properties": {"district": "Rompin"}}, {"type": "Feature", "geometry": {"type": "Point", "coordinates": [103.4093, 2.7871]}, "properties": {"district": "Rompin"}}, {"type": "Feature", "geometry": {"type": "Point", "coordinates": [101.9465, 3.5622]}, "properties": {"district": "Bentong"}}, {"type": "Feature", "geometry": {"type": "Point", "coordinates": [101.9797, 3.5917]}, "properties": {"district": "Bentong"}}, {"type": "Feature", "geometry": {"type": "Point", "coordinates": [102.368, 3.4358]}, "properties": {"district": "Temerloh"}}, {"type": "Feature", "geometry": {"type": "Point", "coordinates": [102.23, 4.5067]}, "properties": {"district": "Kuantan"}}, {"type": "Feature", "geometry": {"type": "Point", "coordinates": [102.0198, 4.265]}, "properties": {"district": "Kuala Lipis"}}, {"type": "Feature", "geometry": {"type": "Point", "coordinates": [101.8273, 3.5887]}, "properties": {"district": "Bentong"}}, {"type": "Feature", "geometry": {"type": "Point", "coordinates": [103.483, 2.7519]}, "properties": {"district": "Rompin"}}, {"type": "Feature", "geometry": {"type": "Point", "coordinates": [103.3894, 3.4309]}, "properties": {"district": "Pekan"}}, {"type": "Feature", "geometry": {"type": "Point", "coordinates": [102.5799, 3.2389]}, "properties": {"district": "Bera"}}, {"type": "Feature", "geometry": {"type": "Point", "coordinates": [103.4338, 2.7176]}, "properties": {"district": "Rompin"}}, {"type": "Feature", "geometry": {"type": "Point", "coordinates": [102.4448, 3.5138]}, "properties": {"district": "Temerloh"}}, {"type": "Feature", "geometry": {"type": "Point", "coordinates": [102.444, 3.395]}, "properties": {"district": "Temerloh"}}, {"type": "Feature", "geometry": {"type": "Point", "coordinates": [102.3757, 3.1856]}, "properties": {"district": "Bera"}}, {"type": "Feature", "geometry": {"type": "Point", "coordinates": [103.5466, 2.5586]}, "properties": {"district": "Rompin"}}, {"type": "Feature", "geometry": {"type": "Point", "coordinates": [102.8222, 3.6294]}, "properties": {"district": "Maran"}}, {"type": "Feature", "geometry": {"type": "Point", "coordinates": [102.3085, 3.359]}, "properties": {"district": "Temerloh"}}, {"type": "Feature", "geometry": {"type": "Point", "coordinates": [101.8581, 3.6778]}, "properties": {"district": "Raub"}}, {"type": "Feature", "geometry": {"type": "Point", "coordinates": [101.4041, 4.5161]}, "properties": {"district": "Cameron Highlands"}}, {"type": "Feature", "geometry": {"type": "Point", "coordinates": [102.5449, 3.4194]}, "properties": {"district": "Temerloh"}}, {"type": "Feature", "geometry": {"type": "Point", "coordinates": [103.2519, 3.8456]}, "properties": {"district": "Kuantan"}}, {"type": "Feature", "geometry": {"type": "Point", "coordinates": [101.9682, 3.4392]}, "properties": {"district": "Bentong"}}, {"type": "Feature", "geometry": {"type": "Point", "coordinates": [102.4544, 4.0336]}, "properties": {"district": "Jerantut"}}, {"type": "Feature", "geometry": {"type": "Point", "coordinates": [102.4516, 3.4281]}, "properties": {"district": "Temerloh"}}, {"type": "Feature", "geometry": {"type": "Point", "coordinates": [103.3612, 3.4735]}, "properties": {"district": "Pekan"}}, {"type": "Feature", "geometry": {"type": "Point", "coordinates": [102.827, 3.4584]}, "properties": {"district": "Maran"}}, {"type": "Feature", "geometry": {"type": "Point", "coordinates": [102.7222, 3.462]}, "properties": {"district": "Maran"}}, {"type": "Feature", "geometry": {"type": "Point", "coordinates": [102.0913, 4.1953]}, "properties": {"district": "Kuala Lipis"}}, {"type": "Feature", "geometry": {"type": "Point", "coordinates": [102.7733, 3.3488]}, "properties": {"district": "Maran"}}, {"type": "Feature", "geometry": {"type": "Point", "coordinates": [101.9291, 3.4482]}, "properties": {"district": "Bentong"}}, {"type": "Feature", "geometry": {"type": "Point", "coordinates": [103.3993, 2.8422]}, "properties": {"district": "Rompin"}}, {"type": "Feature", "geometry": {"type": "Point", "coordinates": [102.3286, 3.6603]}, "properties": {"district": "Temerloh"}}, {"type": "Feature", "geometry": {"type": "Point", "coordinates": [102.1306, 4.0744]}, "properties": {"district": "Kuala Lipis"}}, {"type": "Feature", "geometry": {"type": "Point", "coordinates": [102.5583, 3.4731]}, "properties": {"district": "Temerloh"}}, {"type": "Feature", "geometry": {"type": "Point", "coordinates": [103.4192, 2.9151]}, "properties": {"district": "Rompin"}}, {"type": "Feature", "geometry": {"type": "Point", "coordinates": [101.3651, 4.4867]}, "properties": {"district": "Cameron Highlands"}}, {"type": "Feature", "geometry": {"type": "Point", "coordinates": [103.481, 2.7065]}, "properties": {"district": "Rompin"}}, {"type": "Feature", "geometry": {"type": "Point", "coordinates": [102.8577, 3.5612]}, "properties": {"district": "Maran"}}, {"type": "Feature", "geometry": {"type": "Point", "coordinates": [102.4345, 3.4021]}, "properties": {"district": "Temerloh"}}, {"type": "Feature", "geometry": {"type": "Point", "coordinates": [102.5253, 3.427]}, "properties": {"district": "Temerloh"}}, {"type": "Feature", "geometry": {"type": "Point", "coordinates": [103.3262, 2.6565]}, "properties": {"district": "Rompin"}}, {"type": "Feature", "geometry": {"type": "Point", "coordinates": [103.2454, 2.728]}, "properties": {"district": "Rompin"}}, {"type": "Feature", "geometry": {"type": "Point", "coordinates": [101.9861, 3.6254]}, "properties": {"district": "Bentong"}}, {"type": "Feature", "geometry": {"type": "Point", "coordinates": [102.6706, 3.6446]}, "properties": {"district": "Maran"}}, {"type": "Feature", "geometry": {"type": "Point", "coordinates": [102.0252, 3.5588]}, "properties": {"district": "Bentong"}}, {"type": "Feature", "geometry": {"type": "Point", "coordinates": [102.4675, 3.5107]}, "properties": {"district": "Temerloh"}}, {"type": "Feature", "geometry": {"type": "Point", "coordinates": [101.9607, 4.225]}, "properties": {"district": "Kuala Lipis"}}, {"type": "Feature", "geometry": {"type": "Point", "coordinates": [102.0997, 4.1119]}, "properties": {"district": "Kuala Lipis"}}, {"type": "Feature", "geometry": {"type": "Point", "coordinates": [103.3631, 3.8314]}, "properties": {"district": "Kuantan"}}, {"type": "Feature", "geometry": {"type": "Point", "coordinates": [101.984, 3.5375]}, "properties": {"district": "Bentong"}}, {"type": "Feature", "geometry": {"type": "Point", "coordinates": [102.3202, 3.4432]}, "properties": {"district": "Temerloh"}}, {"type": "Feature", "geometry": {"type": "Point", "coordinates": [103.2738, 3.7399]}, "properties": {"district": "Kuantan"}}, {"type": "Feature", "geometry": {"type": "Point", "coordinates": [102.3881, 3.2151]}, "properties": {"district": "Bera"}}, {"type": "Feature", "geometry": {"type": "Point", "coordinates": [102.4898, 3.4518]}, "properties": {"district": "Temerloh"}}, {"type": "Feature", "geometry": {"type": "Point", "coordinates": [103.4353, 2.819]}, "properties": {"district": "Rompin"}}, {"type": "Feature", "geometry": {"type": "Point", "coordinates": [101.9912, 3.5631]}, "properties": {"district": "Bentong"}}, {"type": "Feature", "geometry": {"type": "Point", "coordinates": [102.6741, 3.6694]}, "properties": {"district": "Maran"}}, {"type": "Feature", "geometry": {"type": "Point", "coordinates": [103.421, 2.7046]}, "properties": {"district": "Rompin"}}, {"type": "Feature", "geometry": {"type": "Point", "coordinates": [103.2166, 3.8448]}, "properties": {"district": "Kuantan"}}, {"type": "Feature", "geometry": {"type": "Point", "coordinates": [102.105, 4.1143]}, "properties": {"district": "Kuala Lipis"}}, {"type": "Feature", "geometry": {"type": "Point", "coordinates": [102.6322, 3.6175]}, "properties": {"district": "Maran"}}, {"type": "Feature", "geometry": {"type": "Point", "coordinates": [102.5108, 3.3518]}, "properties": {"district": "Temerloh"}}, {"type": "Feature", "geometry": {"type": "Point", "coordinates": [101.9155, 3.7635]}, "properties": {"district": "Raub"}}, {"type": "Feature", "geometry": {"type": "Point", "coordinates": [102.2947, 3.4881]}, "properties": {"district": "Temerloh"}}, {"type": "Feature", "geometry": {"type": "Point", "coordinates": [103.2611, 3.9006]}, "properties": {"district": "Kuantan"}}, {"type": "Feature", "geometry": {"type": "Point", "coordinates": [103.3065, 3.7264]}, "properties": {"district": "Kuantan"}}, {"type": "Feature", "geometry": {"type": "Point", "coordinates": [101.987, 4.3055]}, "properties": {"district": "Kuala Lipis"}}, {"type": "Feature", "geometry": {"type": "Point", "coordinates": [101.9156, 4.2922]}, "properties": {"district": "Kuala Lipis"}}, {"type": "Feature", "geometry": {"type": "Point", "coordinates": [102.1559, 4.2227]}, "properties": {"district": "Kuala Lipis"}}, {"type": "Feature", "geometry": {"type": "Point", "coordinates": [103.3525, 3.885]}, "properties": {"district": "Kuantan"}}, {"type": "Feature", "geometry": {"type": "Point", "coordinates": [102.7751, 3.599]}, "properties": {"district": "Maran"}}, {"type": "Feature", "geometry": {"type": "Point", "coordinates": [101.8693, 3.6637]}, "properties": {"district": "Bentong"}}, {"type": "Feature", "geometry": {"type": "Point", "coordinates": [102.6471, 3.631]}, "properties": {"district": "Maran"}}, {"type": "Feature", "geometry": {"type": "Point", "coordinates": [102.4884, 3.5006]}, "properties": {"district": "Temerloh"}}, {"type": "Feature", "geometry": {"type": "Point", "coordinates": [103.4162, 2.7872]}, "properties": {"district": "Rompin"}}, {"type": "Feature", "geometry": {"type": "Point", "coordinates": [102.9064, 3.4907]}, "properties": {"district": "Maran"}}, {"type": "Feature", "geometry": {"type": "Point", "coordinates": [102.5249, 3.5315]}, "properties": {"district": "Temerloh"}}, {"type": "Feature", "geometry": {"type": "Point", "coordinates": [103.3756, 2.839]}, "properties": {"district": "Rompin"}}, {"type": "Feature", "geometry": {"type": "Point", "coordinates": [103.3912, 2.8564]}, "properties": {"district": "Rompin"}}, {"type": "Feature", "geometry": {"type": "Point", "coordinates": [102.4555, 3.5268]}, "properties": {"district": "Temerloh"}}, {"type": "Feature", "geometry": {"type": "Point", "coordinates": [103.3614, 2.8211]}, "properties": {"district": "Rompin"}}, {"type": "Feature", "geometry": {"type": "Point", "coordinates": [102.4055, 3.4133]}, "properties": {"district": "Temerloh"}}, {"type": "Feature", "geometry": {"type": "Point", "coordinates": [101.8968, 3.4576]}, "properties": {"district": "Bentong"}}, {"type": "Feature", "geometry": {"type": "Point", "coordinates": [101.9068, 3.6995]}, "properties": {"district": "Raub"}}, {"type": "Feature", "geometry": {"type": "Point", "coordinates": [102.068, 4.1673]}, "properties": {"district": "Kuala Lipis"}}, {"type": "Feature", "geometry": {"type": "Point", "coordinates": [103.4185, 2.893]}, "properties": {"district": "Rompin"}}, {"type": "Feature", "geometry": {"type": "Point", "coordinates": [102.3141, 3.9178]}, "properties": {"district": "Jerantut"}}, {"type": "Feature", "geometry": {"type": "Point", "coordinates": [102.7058, 3.5675]}, "properties": {"district": "Maran"}}, {"type": "Feature", "geometry": {"type": "Point", "coordinates": [103.4105, 2.7219]}, "properties": {"district": "Rompin"}}, {"type": "Feature", "geometry": {"type": "Point", "coordinates": [102.3948, 3.4113]}, "properties": {"district": "Temerloh"}}, {"type": "Feature", "geometry": {"type": "Point", "coordinates": [103.4371, 2.6073]}, "properties": {"district": "Rompin"}}, {"type": "Feature", "geometry": {"type": "Point", "coordinates": [101.8253, 3.4259]}, "properties": {"district": "Bentong"}}, {"type": "Feature", "geometry": {"type": "Point", "coordinates": [101.8106, 3.7594]}, "properties": {"district": "Raub"}}, {"type": "Feature", "geometry": {"type": "Point", "coordinates": [102.4321, 3.4141]}, "properties": {"district": "Temerloh"}}, {"type": "Feature", "geometry": {"type": "Point", "coordinates": [103.5245, 2.7528]}, "properties": {"district": "Rompin"}}, {"type": "Feature", "geometry": {"type": "Point", "coordinates": [102.3497, 3.4481]}, "properties": {"district": "Temerloh"}}, {"type": "Feature", "geometry": {"type": "Point", "coordinates": [102.4402, 3.5588]}, "properties": {"district": "Temerloh"}}, {"type": "Feature", "geometry": {"type": "Point", "coordinates": [102.633, 3.4653]}, "properties": {"district": "Temerloh"}}, {"type": "Feature", "geometry": {"type": "Point", "coordinates": [102.4801, 3.3365]}, "properties": {"district": "Temerloh"}}, {"type": "Feature", "geometry": {"type": "Point", "coordinates": [103.2594, 3.8013]}, "properties": {"district": "Kuantan"}}, {"type": "Feature", "geometry": {"type": "Point", "coordinates": [102.241, 3.1766]}, "properties": {"district": "Bera"}}, {"type": "Feature", "geometry": {"type": "Point", "coordinates": [102.8463, 3.7509]}, "properties": {"district": "Maran"}}, {"type": "Feature", "geometry": {"type": "Point", "coordinates": [102.1274, 4.1426]}, "properties": {"district": "Kuala Lipis"}}, {"type": "Feature", "geometry": {"type": "Point", "coordinates": [102.4471, 3.9081]}, "properties": {"district": "Jerantut"}}, {"type": "Feature", "geometry": {"type": "Point", "coordinates": [102.0393, 4.3543]}, "properties": {"district": "Kuala Lipis"}}, {"type": "Feature", "geometry": {"type": "Point", "coordinates": [101.9213, 4.2102]}, "properties": {"district": "Kuala Lipis"}}, {"type": "Feature", "geometry": {"type": "Point", "coordinates": [102.7587, 3.7857]}, "properties": {"district": "Maran"}}, {"type": "Feature", "geometry": {"type": "Point", "coordinates": [103.583, 2.5639]}, "properties": {"district": "Rompin"}}, {"type": "Feature", "geometry": {"type": "Point", "coordinates": [102.3512, 3.3028]}, "properties": {"district": "Bera"}}, {"type": "Feature", "geometry": {"type": "Point", "coordinates": [103.4093, 2.6946]}, "properties": {"district": "Rompin"}}, {"type": "Feature", "geometry": {"type": "Point", "coordinates": [101.9754, 3.4783]}, "properties": {"district": "Bentong"}}, {"type": "Feature", "geometry": {"type": "Point", "coordinates": [102.3113, 4.0578]}, "properties": {"district": "Jerantut"}}, {"type": "Feature", "geometry": {"type": "Point", "coordinates": [102.697, 3.5965]}, "properties": {"district": "Maran"}}, {"type": "Feature", "geometry": {"type": "Point", "coordinates": [103.5412, 2.7361]}, "properties": {"district": "Rompin"}}, {"type": "Feature", "geometry": {"type": "Point", "coordinates": [103.4136, 2.7194]}, "properties": {"district": "Rompin"}}, {"type": "Feature", "geometry": {"type": "Point", "coordinates": [103.3905, 2.7023]}, "properties": {"district": "Rompin"}}, {"type": "Feature", "geometry": {"type": "Point", "coordinates": [102.8068, 3.6127]}, "properties": {"district": "Maran"}}, {"type": "Feature", "geometry": {"type": "Point", "coordinates": [102.4543, 3.3996]}, "properties": {"district": "Temerloh"}}, {"type": "Feature", "geometry": {"type": "Point", "coordinates": [102.4265, 3.219]}, "properties": {"district": "Bera"}}, {"type": "Feature", "geometry": {"type": "Point", "coordinates": [103.4145, 2.6915]}, "properties": {"district": "Rompin"}}, {"type": "Feature", "geometry": {"type": "Point", "coordinates": [101.4245, 4.4665]}, "properties": {"district": "Cameron Highlands"}}, {"type": "Feature", "geometry": {"type": "Point", "coordinates": [103.5383, 2.7277]}, "properties": {"district": "Rompin"}}, {"type": "Feature", "geometry": {"type": "Point", "coordinates": [103.3339, 3.0078]}, "properties": {"district": "Rompin"}}, {"type": "Feature", "geometry": {"type": "Point", "coordinates": [102.3288, 3.4026]}, "properties": {"district": "Temerloh"}}, {"type": "Feature", "geometry": {"type": "Point", "coordinates": [101.9259, 3.5837]}, "properties": {"district": "Bentong"}}, {"type": "Feature", "geometry": {"type": "Point", "coordinates": [102.047, 4.1189]}, "properties": {"district": "Kuala Lipis"}}, {"type": "Feature", "geometry": {"type": "Point", "coordinates": [102.9282, 3.3984]}, "properties": {"district": "Maran"}}, {"type": "Feature", "geometry": {"type": "Point", "coordinates": [103.3019, 3.6835]}, "properties": {"district": "Kuantan"}}, {"type": "Feature", "geometry": {"type": "Point", "coordinates": [103.4187, 3.4417]}, "properties": {"district": "Pekan"}}, {"type": "Feature", "geometry": {"type": "Point", "coordinates": [103.3398, 3.4197]}, "properties": {"district": "Pekan"}}, {"type": "Feature", "geometry": {"type": "Point", "coordinates": [102.1725, 4.139]}, "properties": {"district": "Kuala Lipis"}}, {"type": "Feature", "geometry": {"type": "Point", "coordinates": [103.4389, 2.8302]}, "properties": {"district": "Rompin"}}, {"type": "Feature", "geometry": {"type": "Point", "coordinates": [102.5655, 3.5054]}, "properties": {"district": "Temerloh"}}, {"type": "Feature", "geometry": {"type": "Point", "coordinates": [102.6646, 3.5227]}, "properties": {"district": "Maran"}}, {"type": "Feature", "geometry": {"type": "Point", "coordinates": [102.7957, 3.5943]}, "properties": {"district": "Maran"}}, {"type": "Feature", "geometry": {"type": "Point", "coordinates": [103.2896, 3.8772]}, "properties": {"district": "Kuantan"}}, {"type": "Feature", "geometry": {"type": "Point", "coordinates": [102.5099, 4.0236]}, "properties": {"district": "Jerantut"}}, {"type": "Feature", "geometry": {"type": "Point", "coordinates": [103.2946, 3.6765]}, "properties": {"district": "Kuantan"}}, {"type": "Feature", "geometry": {"type": "Point", "coordinates": [103.2336, 3.7702]}, "properties": {"district": "Kuantan"}}, {"type": "Feature", "geometry": {"type": "Point", "coordinates": [102.3924, 3.8265]}, "properties": {"district": "Jerantut"}}, {"type": "Feature", "geometry": {"type": "Point", "coordinates": [102.0091, 3.6803]}, "properties": {"district": "Temerloh"}}, {"type": "Feature", "geometry": {"type": "Point", "coordinates": [102.5393, 3.4879]}, "properties": {"district": "Temerloh"}}, {"type": "Feature", "geometry": {"type": "Point", "coordinates": [102.0485, 3.4463]}, "properties": {"district": "Bentong"}}, {"type": "Feature", "geometry": {"type": "Point", "coordinates": [102.5035, 3.259]}, "properties": {"district": "Bera"}}, {"type": "Feature", "geometry": {"type": "Point", "coordinates": [101.86, 3.4562]}, "properties": {"district": "Bentong"}}, {"type": "Feature", "geometry": {"type": "Point", "coordinates": [103.2807, 2.7025]}, "properties": {"district": "Rompin"}}, {"type": "Feature", "geometry": {"type": "Point", "coordinates": [103.4253, 2.8333]}, "properties": {"district": "Rompin"}}, {"type": "Feature", "geometry": {"type": "Point", "coordinates": [103.2224, 3.4874]}, "properties": {"district": "Pekan"}}, {"type": "Feature", "geometry": {"type": "Point", "coordinates": [101.7763, 3.7997]}, "properties": {"district": "Raub"}}, {"type": "Feature", "geometry": {"type": "Point", "coordinates": [103.398, 3.0638]}, "properties": {"district": "Kuala Lipis"}}, {"type": "Feature", "geometry": {"type": "Point", "coordinates": [101.9508, 4.0185]}, "properties": {"district": "Kuala Lipis"}}, {"type": "Feature", "geometry": {"type": "Point", "coordinates": [103.3665, 3.845]}, "properties": {"district": "Kuantan"}}, {"type": "Feature", "geometry": {"type": "Point", "coordinates": [102.6038, 3.823]}, "properties": {"district": "Jerantut"}}, {"type": "Feature", "geometry": {"type": "Point", "coordinates": [102.2947, 3.9509]}, "properties": {"district": "Jerantut"}}, {"type": "Feature", "geometry": {"type": "Point", "coordinates": [103.4647, 2.8024]}, "properties": {"district": "Rompin"}}, {"type": "Feature", "geometry": {"type": "Point", "coordinates": [103.552, 2.6026]}, "properties": {"district": "Rompin"}}, {"type": "Feature", "geometry": {"type": "Point", "coordinates": [102.4077, 3.9294]}, "properties": {"district": "Jerantut"}}, {"type": "Feature", "geometry": {"type": "Point", "coordinates": [103.5598, 2.6387]}, "properties": {"district": "Rompin"}}, {"type": "Feature", "geometry": {"type": "Point", "coordinates": [103.3594, 3.2982]}, "properties": {"district": "Pekan"}}, {"type": "Feature", "geometry": {"type": "Point", "coordinates": [102.8665, 3.5335]}, "properties": {"district": "Maran"}}, {"type": "Feature", "geometry": {"type": "Point", "coordinates": [103.3944, 2.787]}, "properties": {"district": "Rompin"}}, {"type": "Feature", "geometry": {"type": "Point", "coordinates": [102.102, 4.1389]}, "properties": {"district": "Kuala Lipis"}}, {"type": "Feature", "geometry": {"type": "Point", "coordinates": [103.4453, 2.5888]}, "properties": {"district": "Rompin"}}, {"type": "Feature", "geometry": {"type": "Point", "coordinates": [102.366, 3.885]}, "properties": {"district": "Jerantut"}}, {"type": "Feature", "geometry": {"type": "Point", "coordinates": [102.3314, 3.8213]}, "properties": {"district": "Jerantut"}}, {"type": "Feature", "geometry": {"type": "Point", "coordinates": [101.8005, 3.7791]}, "properties": {"district": "Raub"}}, {"type": "Feature", "geometry": {"type": "Point", "coordinates": [101.9213, 3.571]}, "properties": {"district": "Bentong"}}, {"type": "Feature", "geometry": {"type": "Point", "coordinates": [102.3672, 3.4333]}, "properties": {"district": "Temerloh"}}, {"type": "Feature", "geometry": {"type": "Point", "coordinates": [103.3587, 3.5973]}, "properties": {"district": "Pekan"}}, {"type": "Feature", "geometry": {"type": "Point", "coordinates": [102.528, 3.3257]}, "properties": {"district": "Temerloh"}}, {"type": "Feature", "geometry": {"type": "Point", "coordinates": [102.3549, 3.4275]}, "properties": {"district": "Temerloh"}}, {"type": "Feature", "geometry": {"type": "Point", "coordinates": [102.5658, 3.3875]}, "properties": {"district": "Bera"}}, {"type": "Feature", "geometry": {"type": "Point", "coordinates": [101.877, 3.426]}, "properties": {"district": "Bentong"}}, {"type": "Feature", "geometry": {"type": "Point", "coordinates": [103.3026, 3.7117]}, "properties": {"district": "Kuantan"}}, {"type": "Feature", "geometry": {"type": "Point", "coordinates": [103.366, 3.5248]}, "properties": {"district": "Pekan"}}, {"type": "Feature", "geometry": {"type": "Point", "coordinates": [102.7225, 3.7178]}, "properties": {"district": "Maran"}}, {"type": "Feature", "geometry": {"type": "Point", "coordinates": [102.7977, 3.5591]}, "properties": {"district": "Maran"}}, {"type": "Feature", "geometry": {"type": "Point", "coordinates": [101.387, 4.53]}, "properties": {"district": "Cameron Highlands"}}, {"type": "Feature", "geometry": {"type": "Point", "coordinates": [101.8916, 3.5808]}, "properties": {"district": "Bentong"}}, {"type": "Feature", "geometry": {"type": "Point", "coordinates": [103.2939, 2.8685]}, "properties": {"district": "Rompin"}}, {"type": "Feature", "geometry": {"type": "Point", "coordinates": [103.4268, 3.4845]}, "properties": {"district": "Pekan"}}, {"type": "Feature", "geometry": {"type": "Point", "coordinates": [102.3233, 3.5552]}, "properties": {"district": "Temerloh"}}, {"type": "Feature", "geometry": {"type": "Point", "coordinates": [102.4206, 3.923]}, "properties": {"district": "Jerantut"}}, {"type": "Feature", "geometry": {"type": "Point", "coordinates": [103.451, 2.8026]}, "properties": {"district": "Rompin"}}, {"type": "Feature", "geometry": {"type": "Point", "coordinates": [102.8055, 3.5203]}, "properties": {"district": "Maran"}}, {"type": "Feature", "geometry": {"type": "Point", "coordinates": [102.2817, 3.3239]}, "properties": {"district": "Bera"}}, {"type": "Feature", "geometry": {"type": "Point", "coordinates": [102.3905, 3.4244]}, "properties": {"district": "Temerloh"}}, {"type": "Feature", "geometry": {"type": "Point", "coordinates": [103.4116, 3.528]}, "properties": {"district": "Pekan"}}, {"type": "Feature", "geometry": {"type": "Point", "coordinates": [103.4633, 2.702]}, "properties": {"district": "Rompin"}}, {"type": "Feature", "geometry": {"type": "Point", "coordinates": [101.8681, 3.4923]}, "properties": {"district": "Bentong"}}, {"type": "Feature", "geometry": {"type": "Point", "coordinates": [103.4556, 3.4804]}, "properties": {"district": "Pekan"}}, {"type": "Feature", "geometry": {"type": "Point", "coordinates": [103.2844, 3.8144]}, "properties": {"district": "Kuantan"}}, {"type": "Feature", "geometry": {"type": "Point", "coordinates": [102.3214, 3.9433]}, "properties": {"district": "Jerantut"}}, {"type": "Feature", "geometry": {"type": "Point", "coordinates": [102.4631, 3.8683]}, "properties": {"district": "Jerantut"}}, {"type": "Feature", "geometry": {"type": "Point", "coordinates": [102.9075, 3.4302]}, "properties": {"district": "Maran"}}, {"type": "Feature", "geometry": {"type": "Point", "coordinates": [103.3649, 3.5356]}, "properties": {"district": "Pekan"}}, {"type": "Feature", "geometry": {"type": "Point", "coordinates": [103.4276, 2.8644]}, "properties": {"district": "Rompin"}}, {"type": "Feature", "geometry": {"type": "Point", "coordinates": [103.3192, 3.554]}, "properties": {"district": "Pekan"}}, {"type": "Feature", "geometry": {"type": "Point", "coordinates": [101.827, 3.5573]}, "properties": {"district": "Raub"}}, {"type": "Feature", "geometry": {"type": "Point", "coordinates": [101.6674, 3.8438]}, "properties": {"district": "Raub"}}, {"type": "Feature", "geometry": {"type": "Point", "coordinates": [102.4782, 3.4029]}, "properties": {"district": "Bera"}}, {"type": "Feature", "geometry": {"type": "Point", "coordinates": [102.0298, 4.1668]}, "properties": {"district": "Kuala Lipis"}}, {"type": "Feature", "geometry": {"type": "Point", "coordinates": [101.8716, 4.0686]}, "properties": {"district": "Kuala Lipis"}}, {"type": "Feature", "geometry": {"type": "Point", "coordinates": [101.7882, 3.9153]}, "properties": {"district": "Raub"}}, {"type": "Feature", "geometry": {"type": "Point", "coordinates": [103.5734, 2.6496]}, "properties": {"district": "Rompin"}}, {"type": "Feature", "geometry": {"type": "Point", "coordinates": [101.4105, 4.4544]}, "properties": {"district": "Cameron Highlands"}}, {"type": "Feature", "geometry": {"type": "Point", "coordinates": [101.9967, 4.0373]}, "properties": {"district": "Kuala Lipis"}}, {"type": "Feature", "geometry": {"type": "Point", "coordinates": [102.3911, 3.3623]}, "properties": {"district": "Temerloh"}}, {"type": "Feature", "geometry": {"type": "Point", "coordinates": [102.3263, 3.5627]}, "properties": {"district": "Temerloh"}}, {"type": "Feature", "geometry": {"type": "Point", "coordinates": [103.2871, 2.7637]}, "properties": {"district": "Rompin"}}, {"type": "Feature", "geometry": {"type": "Point", "coordinates": [102.2672, 3.3278]}, "properties": {"district": "Temerloh"}}, {"type": "Feature", "geometry": {"type": "Point", "coordinates": [103.3428, 3.8993]}, "properties": {"district": "Kuantan"}}, {"type": "Feature", "geometry": {"type": "Point", "coordinates": [101.9427, 3.537]}, "properties": {"district": "Bentong"}}, {"type": "Feature", "geometry": {"type": "Point", "coordinates": [101.877, 3.5691]}, "properties": {"district": "Bentong"}}, {"type": "Feature", "geometry": {"type": "Point", "coordinates": [102.8136, 3.667]}, "properties": {"district": "Maran"}}, {"type": "Feature", "geometry": {"type": "Point", "coordinates": [101.4644, 4.5151]}, "properties": {"district": "Cameron Highlands"}}, {"type": "Feature", "geometry": {"type": "Point", "coordinates": [101.4691, 4.5068]}, "properties": {"district": "Cameron Highlands"}}, {"type": "Feature", "geometry": {"type": "Point", "coordinates": [102.3563, 3.524]}, "properties": {"district": "Temerloh"}}, {"type": "Feature", "geometry": {"type": "Point", "coordinates": [103.5713, 2.679]}, "properties": {"district": "Rompin"}}, {"type": "Feature", "geometry": {"type": "Point", "coordinates": [102.3611, 3.3088]}, "properties": {"district": "Bera"}}, {"type": "Feature", "geometry": {"type": "Point", "coordinates": [102.2484, 3.4277]}, "properties": {"district": "Temerloh"}}, {"type": "Feature", "geometry": {"type": "Point", "coordinates": [103.4526, 2.7741]}, "properties": {"district": "Rompin"}}, {"type": "Feature", "geometry": {"type": "Point", "coordinates": [102.5705, 3.3649]}, "properties": {"district": "Temerloh"}}, {"type": "Feature", "geometry": {"type": "Point", "coordinates": [103.3923, 2.7345]}, "properties": {"district": "Rompin"}}, {"type": "Feature", "geometry": {"type": "Point", "coordinates": [102.4926, 3.4654]}, "properties": {"district": "Temerloh"}}, {"type": "Feature", "geometry": {"type": "Point", "coordinates": [102.773, 3.5164]}, "properties": {"district": "Maran"}}, {"type": "Feature", "geometry": {"type": "Point", "coordinates": [102.5453, 3.1331]}, "properties": {"district": "Bera"}}, {"type": "Feature", "geometry": {"type": "Point", "coordinates": [102.269, 3.4689]}, "properties": {"district": "Temerloh"}}, {"type": "Feature", "geometry": {"type": "Point", "coordinates": [103.3382, 3.8166]}, "properties": {"district": "Kuantan"}}, {"type": "Feature", "geometry": {"type": "Point", "coordinates": [102.4295, 3.48]}, "properties": {"district": "Temerloh"}}, {"type": "Feature", "geometry": {"type": "Point", "coordinates": [101.933, 4.2493]}, "properties": {"district": "Kuala Lipis"}}, {"type": "Feature", "geometry": {"type": "Point", "coordinates": [101.8607, 3.7708]}, "properties": {"district": "Raub"}}, {"type": "Feature", "geometry": {"type": "Point", "coordinates": [103.2263, 3.9009]}, "properties": {"district": "Kuantan"}}, {"type": "Feature", "geometry": {"type": "Point", "coordinates": [102.3248, 3.8482]}, "properties": {"district": "Jerantut"}}, {"type": "Feature", "geometry": {"type": "Point", "coordinates": [102.4406, 3.3898]}, "properties": {"district": "Temerloh"}}, {"type": "Feature", "geometry": {"type": "Point", "coordinates": [102.7048, 3.4692]}, "properties": {"district": "Maran"}}, {"type": "Feature", "geometry": {"type": "Point", "coordinates": [102.0602, 4.301]}, "properties": {"district": "Kuala Lipis"}}, {"type": "Feature", "geometry": {"type": "Point", "coordinates": [102.0868, 4.3945]}, "properties": {"district": "Kuala Lipis"}}, {"type": "Feature", "geometry": {"type": "Point", "coordinates": [103.5844, 2.5577]}, "properties": {"district": "Rompin"}}, {"type": "Feature", "geometry": {"type": "Point", "coordinates": [102.37, 3.3395]}, "properties": {"district": "Temerloh"}}, {"type": "Feature", "geometry": {"type": "Point", "coordinates": [101.8857, 3.472]}, "properties": {"district": "Bentong"}}, {"type": "Feature", "geometry": {"type": "Point", "coordinates": [103.3084, 2.7045]}, "properties": {"district": "Rompin"}}, {"type": "Feature", "geometry": {"type": "Point", "coordinates": [103.6131, 2.6676]}, "properties": {"district": "Rompin"}}, {"type": "Feature", "geometry": {"type": "Point", "coordinates": [102.3953, 3.8443]}, "properties": {"district": "Jerantut"}}, {"type": "Feature", "geometry": {"type": "Point", "coordinates": [102.4687, 4.0461]}, "properties": {"district": "Jerantut"}}, {"type": "Feature", "geometry": {"type": "Point", "coordinates": [102.1551, 4.184]}, "properties": {"district": "Kuala Lipis"}}, {"type": "Feature", "geometry": {"type": "Point", "coordinates": [103.5374, 2.6645]}, "properties": {"district": "Rompin"}}, {"type": "Feature", "geometry": {"type": "Point", "coordinates": [102.6166, 3.5446]}, "properties": {"district": "Maran"}}, {"type": "Feature", "geometry": {"type": "Point", "coordinates": [102.7152, 3.8159]}, "properties": {"district": "Maran"}}, {"type": "Feature", "geometry": {"type": "Point", "coordinates": [103.2537, 3.8234]}, "properties": {"district": "Kuantan"}}, {"type": "Feature", "geometry": {"type": "Point", "coordinates": [102.6587, 3.6452]}, "properties": {"district": "Maran"}}, {"type": "Feature", "geometry": {"type": "Point", "coordinates": [101.8099, 3.7897]}, "properties": {"district": "Raub"}}, {"type": "Feature", "geometry": {"type": "Point", "coordinates": [103.2396, 3.7407]}, "properties": {"district": "Kuantan"}}, {"type": "Feature", "geometry": {"type": "Point", "coordinates": [102.42, 4.095]}, "properties": {"district": "Jerantut"}}, {"type": "Feature", "geometry": {"type": "Point", "coordinates": [102.2264, 4.2343]}, "properties": {"district": "Kuala Lipis"}}, {"type": "Feature", "geometry": {"type": "Point", "coordinates": [102.347, 3.8986]}, "properties": {"district": "Jerantut"}}, {"type": "Feature", "geometry": {"type": "Point", "coordinates": [102.4856, 3.8334]}, "properties": {"district": "Jerantut"}}, {"type": "Feature", "geometry": {"type": "Point", "coordinates": [103.4243, 2.9514]}, "properties": {"district": "Rompin"}}, {"type": "Feature", "geometry": {"type": "Point", "coordinates": [102.4066, 3.5049]}, "properties": {"district": "Temerloh"}}, {"type": "Feature", "geometry": {"type": "Point", "coordinates": [103.3803, 2.8185]}, "properties": {"district": "Rompin"}}, {"type": "Feature", "geometry": {"type": "Point", "coordinates": [102.4194, 3.3505]}, "properties": {"district": "Temerloh"}}, {"type": "Feature", "geometry": {"type": "Point", "coordinates": [102.5739, 3.3939]}, "properties": {"district": "Temerloh"}}, {"type": "Feature", "geometry": {"type": "Point", "coordinates": [103.3669, 3.8215]}, "properties": {"district": "Kuantan"}}, {"type": "Feature", "geometry": {"type": "Point", "coordinates": [103.2488, 3.7853]}, "properties": {"district": "Kuantan"}}, {"type": "Feature", "geometry": {"type": "Point", "coordinates": [103.4212, 3.9809]}, "properties": {"district": "Kuantan"}}, {"type": "Feature", "geometry": {"type": "Point", "coordinates": [102.4239, 3.3853]}, "properties": {"district": "Temerloh"}}, {"type": "Feature", "geometry": {"type": "Point", "coordinates": [102.1272, 4.1636]}, "properties": {"district": "Kuala Lipis"}}, {"type": "Feature", "geometry": {"type": "Point", "coordinates": [103.4797, 2.7864]}, "properties": {"district": "Rompin"}}, {"type": "Feature", "geometry": {"type": "Point", "coordinates": [102.7885, 3.5179]}, "properties": {"district": "Maran"}}, {"type": "Feature", "geometry": {"type": "Point", "coordinates": [102.3511, 3.4469]}, "properties": {"district": "Temerloh"}}, {"type": "Feature", "geometry": {"type": "Point", "coordinates": [101.8436, 3.567]}, "properties": {"district": "Bentong"}}, {"type": "Feature", "geometry": {"type": "Point", "coordinates": [102.5451, 3.6252]}, "properties": {"district": "Maran"}}, {"type": "Feature", "geometry": {"type": "Point", "coordinates": [102.4099, 3.9547]}, "properties": {"district": "Jerantut"}}, {"type": "Feature", "geometry": {"type": "Point", "coordinates": [102.7367, 3.5253]}, "properties": {"district": "Maran"}}, {"type": "Feature", "geometry": {"type": "Point", "coordinates": [102.9106, 3.4722]}, "properties": {"district": "Maran"}}, {"type": "Feature", "geometry": {"type": "Point", "coordinates": [102.3016, 3.4271]}, "properties": {"district": "Temerloh"}}, {"type": "Feature", "geometry": {"type": "Point", "coordinates": [102.4511, 3.4847]}, "properties": {"district": "Temerloh"}}, {"type": "Feature", "geometry": {"type": "Point", "coordinates": [103.3387, 3.5957]}, "properties": {"district": "Pekan"}}, {"type": "Feature", "geometry": {"type": "Point", "coordinates": [102.1569, 4.2284]}, "properties": {"district": "Kuala Lipis"}}, {"type": "Feature", "geometry": {"type": "Point", "coordinates": [102.2215, 4.0318]}, "properties": {"district": "Kuala Lipis"}}, {"type": "Feature", "geometry": {"type": "Point", "coordinates": [102.6305, 4.2467]}, "properties": {"district": "Maran"}}, {"type": "Feature", "geometry": {"type": "Point", "coordinates": [102.0635, 3.6104]}, "properties": {"district": "Bentong"}}, {"type": "Feature", "geometry": {"type": "Point", "coordinates": [103.2769, 3.8193]}, "properties": {"district": "Kuantan"}}, {"type": "Feature", "geometry": {"type": "Point", "coordinates": [102.4282, 3.327]}, "properties": {"district": "Temerloh"}}, {"type": "Feature", "geometry": {"type": "Point", "coordinates": [102.7006, 3.576]}, "properties": {"district": "Maran"}}, {"type": "Feature", "geometry": {"type": "Point", "coordinates": [102.3738, 3.4092]}, "properties": {"district": "Temerloh"}}, {"type": "Feature", "geometry": {"type": "Point", "coordinates": [101.8638, 3.512]}, "properties": {"district": "Bentong"}}, {"type": "Feature", "geometry": {"type": "Point", "coordinates": [102.7425, 3.3721]}, "properties": {"district": "Maran"}}, {"type": "Feature", "geometry": {"type": "Point", "coordinates": [103.2836, 3.4947]}, "properties": {"district": "Pekan"}}, {"type": "Feature", "geometry": {"type": "Point", "coordinates": [102.2891, 3.9487]}, "properties": {"district": "Jerantut"}}, {"type": "Feature", "geometry": {"type": "Point", "coordinates": [102.4995, 3.4631]}, "properties": {"district": "Temerloh"}}, {"type": "Feature", "geometry": {"type": "Point", "coordinates": [102.3107, 3.4646]}, "properties": {"district": "Temerloh"}}, {"type": "Feature", "geometry": {"type": "Point", "coordinates": [102.4111, 3.4433]}, "properties": {"district": "Temerloh"}}, {"type": "Feature", "geometry": {"type": "Point", "coordinates": [101.9183, 3.3912]}, "properties": {"district": "Bentong"}}, {"type": "Feature", "geometry": {"type": "Point", "coordinates": [101.6886, 3.8681]}, "properties": {"district": "Raub"}}, {"type": "Feature", "geometry": {"type": "Point", "coordinates": [102.6093, 3.1831]}, "properties": {"district": "Bera"}}, {"type": "Feature", "geometry": {"type": "Point", "coordinates": [101.8519, 3.761]}, "properties": {"district": "Raub"}}, {"type": "Feature", "geometry": {"type": "Point", "coordinates": [102.8187, 3.5959]}, "properties": {"district": "Maran"}}, {"type": "Feature", "geometry": {"type": "Point", "coordinates": [102.2898, 3.3766]}, "properties": {"district": "Temerloh"}}, {"type": "Feature", "geometry": {"type": "Point", "coordinates": [102.5008, 3.5003]}, "properties": {"district": "Temerloh"}}, {"type": "Feature", "geometry": {"type": "Point", "coordinates": [103.3221, 3.8729]}, "properties": {"district": "Kuantan"}}, {"type": "Feature", "geometry": {"type": "Point", "coordinates": [102.3126, 3.3788]}, "properties": {"district": "Temerloh"}}, {"type": "Feature", "geometry": {"type": "Point", "coordinates": [102.4217, 3.4542]}, "properties": {"district": "Temerloh"}}, {"type": "Feature", "geometry": {"type": "Point", "coordinates": [102.2067, 4.1286]}, "properties": {"district": "Kuala Lipis"}}, {"type": "Feature", "geometry": {"type": "Point", "coordinates": [103.2967, 3.8205]}, "properties": {"district": "Kuantan"}}, {"type": "Feature", "geometry": {"type": "Point", "coordinates": [103.2442, 2.9352]}, "properties": {"district": "Rompin"}}, {"type": "Feature", "geometry": {"type": "Point", "coordinates": [102.4181, 3.4632]}, "properties": {"district": "Temerloh"}}, {"type": "Feature", "geometry": {"type": "Point", "coordinates": [102.9196, 3.4991]}, "properties": {"district": "Maran"}}, {"type": "Feature", "geometry": {"type": "Point", "coordinates": [102.3241, 3.56]}, "properties": {"district": "Temerloh"}}, {"type": "Feature", "geometry": {"type": "Point", "coordinates": [101.8246, 3.3757]}, "properties": {"district": "Bentong"}}, {"type": "Feature", "geometry": {"type": "Point", "coordinates": [102.7967, 3.4798]}, "properties": {"district": "Maran"}}, {"type": "Feature", "geometry": {"type": "Point", "coordinates": [102.9165, 3.7746]}, "properties": {"district": "Maran"}}, {"type": "Feature", "geometry": {"type": "Point", "coordinates": [102.3677, 3.547]}, "properties": {"district": "Temerloh"}}, {"type": "Feature", "geometry": {"type": "Point", "coordinates": [102.2549, 4.0239]}, "properties": {"district": "Jerantut"}}, {"type": "Feature", "geometry": {"type": "Point", "coordinates": [102.8475, 3.6451]}, "properties": {"district": "Maran"}}, {"type": "Feature", "geometry": {"type": "Point", "coordinates": [103.4841, 2.6722]}, "properties": {"district": "Rompin"}}, {"type": "Feature", "geometry": {"type": "Point", "coordinates": [102.3173, 3.4462]}, "properties": {"district": "Bera"}}, {"type": "Feature", "geometry": {"type": "Point", "coordinates": [103.3234, 3.6605]}, "properties": {"district": "Kuantan"}}, {"type": "Feature", "geometry": {"type": "Point", "coordinates": [101.362, 4.4732]}, "properties": {"district": "Cameron Highlands"}}, {"type": "Feature", "geometry": {"type": "Point", "coordinates": [102.9638, 3.6627]}, "properties": {"district": "Maran"}}, {"type": "Feature", "geometry": {"type": "Point", "coordinates": [102.7896, 3.6703]}, "properties": {"district": "Maran"}}, {"type": "Feature", "geometry": {"type": "Point", "coordinates": [101.9231, 3.8014]}, "properties": {"district": "Raub"}}, {"type": "Feature", "geometry": {"type": "Point", "coordinates": [102.7155, 3.5111]}, "properties": {"district": "Maran"}}, {"type": "Feature", "geometry": {"type": "Point", "coordinates": [103.2282, 3.9613]}, "properties": {"district": "Kuantan"}}, {"type": "Feature", "geometry": {"type": "Point", "coordinates": [102.372, 3.7871]}, "properties": {"district": "Jerantut"}}, {"type": "Feature", "geometry": {"type": "Point", "coordinates": [101.877, 3.6214]}, "properties": {"district": "Bentong"}}, {"type": "Feature", "geometry": {"type": "Point", "coordinates": [102.2992, 3.6349]}, "properties": {"district": "Temerloh"}}, {"type": "Feature", "geometry": {"type": "Point", "coordinates": [103.4069, 3.5362]}, "properties": {"district": "Pekan"}}, {"type": "Feature", "geometry": {"type": "Point", "coordinates": [101.38, 4.5725]}, "properties": {"district": "Cameron Highlands"}}, {"type": "Feature", "geometry": {"type": "Point", "coordinates": [102.1254, 4.2632]}, "properties": {"district": "Kuala Lipis"}}, {"type": "Feature", "geometry": {"type": "Point", "coordinates": [102.3844, 3.3426]}, "properties": {"district": "Temerloh"}}, {"type": "Feature", "geometry": {"type": "Point", "coordinates": [102.0885, 4.1745]}, "properties": {"district": "Kuala Lipis"}}, {"type": "Feature", "geometry": {"type": "Point", "coordinates": [101.9803, 3.6178]}, "properties": {"district": "Bentong"}}, {"type": "Feature", "geometry": {"type": "Point", "coordinates": [103.3273, 2.7969]}, "properties": {"district": "Rompin"}}, {"type": "Feature", "geometry": {"type": "Point", "coordinates": [101.8329, 3.674]}, "properties": {"district": "Bentong"}}, {"type": "Feature", "geometry": {"type": "Point", "coordinates": [101.9834, 4.2436]}, "properties": {"district": "Kuala Lipis"}}, {"type": "Feature", "geometry": {"type": "Point", "coordinates": [102.8063, 3.5555]}, "properties": {"district": "Maran"}}, {"type": "Feature", "geometry": {"type": "Point", "coordinates": [102.4148, 3.3714]}, "properties": {"district": "Temerloh"}}, {"type": "Feature", "geometry": {"type": "Point", "coordinates": [101.8742, 3.5848]}, "properties": {"district": "Bentong"}}, {"type": "Feature", "geometry": {"type": "Point", "coordinates": [102.4881, 3.2325]}, "properties": {"district": "Bera"}}, {"type": "Feature", "geometry": {"type": "Point", "coordinates": [102.4467, 3.4625]}, "properties": {"district": "Temerloh"}}, {"type": "Feature", "geometry": {"type": "Point", "coordinates": [102.4183, 3.6282]}, "properties": {"district": "Temerloh"}}, {"type": "Feature", "geometry": {"type": "Point", "coordinates": [102.3594, 3.4218]}, "properties": {"district": "Temerloh"}}, {"type": "Feature", "geometry": {"type": "Point", "coordinates": [101.8842, 3.7796]}, "properties": {"district": "Raub"}}, {"type": "Feature", "geometry": {"type": "Point", "coordinates": [102.8515, 3.6787]}, "properties": {"district": "Maran"}}, {"type": "Feature", "geometry": {"type": "Point", "coordinates": [103.4476, 2.8554]}, "properties": {"district": "Rompin"}}, {"type": "Feature", "geometry": {"type": "Point", "coordinates": [101.8967, 3.5281]}, "properties": {"district": "Bentong"}}, {"type": "Feature", "geometry": {"type": "Point", "coordinates": [101.4703, 4.4746]}, "properties": {"district": "Cameron Highlands"}}, {"type": "Feature", "geometry": {"type": "Point", "coordinates": [102.3474, 4.0635]}, "properties": {"district": "Jerantut"}}, {"type": "Feature", "geometry": {"type": "Point", "coordinates": [102.5022, 3.5481]}, "properties": {"district": "Temerloh"}}, {"type": "Feature", "geometry": {"type": "Point", "coordinates": [102.1076, 4.2201]}, "properties": {"district": "Kuala Lipis"}}, {"type": "Feature", "geometry": {"type": "Point", "coordinates": [101.8392, 3.8645]}, "properties": {"district": "Raub"}}, {"type": "Feature", "geometry": {"type": "Point", "coordinates": [102.4326, 3.4564]}, "properties": {"district": "Temerloh"}}, {"type": "Feature", "geometry": {"type": "Point", "coordinates": [103.3959, 2.6937]}, "properties": {"district": "Rompin"}}, {"type": "Feature", "geometry": {"type": "Point", "coordinates": [101.9119, 3.5561]}, "properties": {"district": "Bentong"}}, {"type": "Feature", "geometry": {"type": "Point", "coordinates": [102.3173, 3.3411]}, "properties": {"district": "Temerloh"}}, {"type": "Feature", "geometry": {"type": "Point", "coordinates": [102.4049, 3.5316]}, "properties": {"district": "Temerloh"}}, {"type": "Feature", "geometry": {"type": "Point", "coordinates": [102.365, 3.8222]}, "properties": {"district": "Jerantut"}}, {"type": "Feature", "geometry": {"type": "Point", "coordinates": [102.0484, 3.3979]}, "properties": {"district": "Bentong"}}, {"type": "Feature", "geometry": {"type": "Point", "coordinates": [102.5024, 3.2273]}, "properties": {"district": "Bera"}}, {"type": "Feature", "geometry": {"type": "Point", "coordinates": [103.3969, 2.8889]}, "properties": {"district": "Rompin"}}, {"type": "Feature", "geometry": {"type": "Point", "coordinates": [103.1922, 3.8794]}, "properties": {"district": "Kuantan"}}, {"type": "Feature", "geometry": {"type": "Point", "coordinates": [103.443, 2.6395]}, "properties": {"district": "Rompin"}}, {"type": "Feature", "geometry": {"type": "Point", "coordinates": [103.5453, 2.7159]}, "properties": {"district": "Rompin"}}, {"type": "Feature", "geometry": {"type": "Point", "coordinates": [101.8856, 3.5341]}, "properties": {"district": "Bentong"}}, {"type": "Feature", "geometry": {"type": "Point", "coordinates": [102.6389, 3.475]}, "properties": {"district": "Maran"}}, {"type": "Feature", "geometry": {"type": "Point", "coordinates": [102.8026, 3.5333]}, "properties": {"district": "Maran"}}, {"type": "Feature", "geometry": {"type": "Point", "coordinates": [103.4381, 2.7828]}, "properties": {"district": "Rompin"}}, {"type": "Feature", "geometry": {"type": "Point", "coordinates": [102.1657, 3.8668]}, "properties": {"district": "Jerantut"}}, {"type": "Feature", "geometry": {"type": "Point", "coordinates": [102.4525, 3.3858]}, "properties": {"district": "Bera"}}, {"type": "Feature", "geometry": {"type": "Point", "coordinates": [102.448, 3.3083]}, "properties": {"district": "Bera"}}, {"type": "Feature", "geometry": {"type": "Point", "coordinates": [103.3092, 2.8218]}, "properties": {"district": "Rompin"}}, {"type": "Feature", "geometry": {"type": "Point", "coordinates": [102.3762, 3.3369]}, "properties": {"district": "Temerloh"}}, {"type": "Feature", "geometry": {"type": "Point", "coordinates": [102.7282, 3.6762]}, "properties": {"district": "Maran"}}, {"type": "Feature", "geometry": {"type": "Point", "coordinates": [101.8455, 3.4371]}, "properties": {"district": "Bentong"}}, {"type": "Feature", "geometry": {"type": "Point", "coordinates": [103.5399, 2.5997]}, "properties": {"district": "Rompin"}}, {"type": "Feature", "geometry": {"type": "Point", "coordinates": [101.941, 4.0784]}, "properties": {"district": "Kuala Lipis"}}, {"type": "Feature", "geometry": {"type": "Point", "coordinates": [102.7234, 3.6278]}, "properties": {"district": "Maran"}}, {"type": "Feature", "geometry": {"type": "Point", "coordinates": [102.4788, 3.2031]}, "properties": {"district": "Bera"}}, {"type": "Feature", "geometry": {"type": "Point", "coordinates": [101.9613, 3.8044]}, "properties": {"district": "Raub"}}, {"type": "Feature", "geometry": {"type": "Point", "coordinates": [102.4352, 3.4344]}, "properties": {"district": "Temerloh"}}, {"type": "Feature", "geometry": {"type": "Point", "coordinates": [101.831, 3.7905]}, "properties": {"district": "Raub"}}, {"type": "Feature", "geometry": {"type": "Point", "coordinates": [102.2735, 3.8721]}, "properties": {"district": "Jerantut"}}, {"type": "Feature", "geometry": {"type": "Point", "coordinates": [103.245, 3.368]}, "properties": {"district": "Pekan"}}, {"type": "Feature", "geometry": {"type": "Point", "coordinates": [101.8393, 3.5612]}, "properties": {"district": "Bentong"}}, {"type": "Feature", "geometry": {"type": "Point", "coordinates": [102.2601, 3.4534]}, "properties": {"district": "Temerloh"}}, {"type": "Feature", "geometry": {"type": "Point", "coordinates": [102.5216, 3.5138]}, "properties": {"district": "Temerloh"}}, {"type": "Feature", "geometry": {"type": "Point", "coordinates": [102.7645, 3.5407]}, "properties": {"district": "Maran"}}, {"type": "Feature", "geometry": {"type": "Point", "coordinates": [101.8988, 3.4916]}, "properties": {"district": "Bentong"}}, {"type": "Feature", "geometry": {"type": "Point", "coordinates": [102.0334, 4.2397]}, "properties": {"district": "Kuala Lipis"}}, {"type": "Feature", "geometry": {"type": "Point", "coordinates": [102.0956, 4.0664]}, "properties": {"district": "Kuala Lipis"}}, {"type": "Feature", "geometry": {"type": "Point", "coordinates": [101.8664, 3.506]}, "properties": {"district": "Bentong"}}, {"type": "Feature", "geometry": {"type": "Point", "coordinates": [103.3564, 3.9067]}, "properties": {"district": "Kuantan"}}, {"type": "Feature", "geometry": {"type": "Point", "coordinates": [102.3906, 3.4284]}, "properties": {"district": "Temerloh"}}, {"type": "Feature", "geometry": {"type": "Point", "coordinates": [102.3079, 3.5289]}, "properties": {"district": "Temerloh"}}, {"type": "Feature", "geometry": {"type": "Point", "coordinates": [103.2113, 3.7957]}, "properties": {"district": "Kuantan"}}, {"type": "Feature", "geometry": {"type": "Point", "coordinates": [101.8966, 3.493]}, "properties": {"district": "Bentong"}}, {"type": "Feature", "geometry": {"type": "Point", "coordinates": [103.3358, 2.728]}, "properties": {"district": "Rompin"}}, {"type": "Feature", "geometry": {"type": "Point", "coordinates": [101.8456, 3.486]}, "properties": {"district": "Bentong"}}, {"type": "Feature", "geometry": {"type": "Point", "coordinates": [102.3581, 3.8299]}, "properties": {"district": "Jerantut"}}, {"type": "Feature", "geometry": {"type": "Point", "coordinates": [103.2078, 3.7199]}, "properties": {"district": "Kuantan"}}, {"type": "Feature", "geometry": {"type": "Point", "coordinates": [102.4067, 3.4811]}, "properties": {"district": "Temerloh"}}, {"type": "Feature", "geometry": {"type": "Point", "coordinates": [102.3869, 4.031]}, "properties": {"district": "Jerantut"}}, {"type": "Feature", "geometry": {"type": "Point", "coordinates": [102.284, 3.4314]}, "properties": {"district": "Temerloh"}}, {"type": "Feature", "geometry": {"type": "Point", "coordinates": [103.3799, 3.5198]}, "properties": {"district": "Pekan"}}, {"type": "Feature", "geometry": {"type": "Point", "coordinates": [101.8957, 3.3465]}, "properties": {"district": "Bentong"}}, {"type": "Feature", "geometry": {"type": "Point", "coordinates": [103.2173, 3.421]}, "properties": {"district": "Pekan"}}, {"type": "Feature", "geometry": {"type": "Point", "coordinates": [102.723, 3.6934]}, "properties": {"district": "Maran"}}, {"type": "Feature", "geometry": {"type": "Point", "coordinates": [103.3843, 2.9781]}, "properties": {"district": "Rompin"}}, {"type": "Feature", "geometry": {"type": "Point", "coordinates": [102.5209, 3.3912]}, "properties": {"district": "Temerloh"}}, {"type": "Feature", "geometry": {"type": "Point", "coordinates": [102.3837, 3.336]}, "properties": {"district": "Bera"}}, {"type": "Feature", "geometry": {"type": "Point", "coordinates": [101.9537, 4.1186]}, "properties": {"district": "Kuala Lipis"}}, {"type": "Feature", "geometry": {"type": "Point", "coordinates": [103.3807, 3.3581]}, "properties": {"district": "Pekan"}}, {"type": "Feature", "geometry": {"type": "Point", "coordinates": [102.4474, 3.8346]}, "properties": {"district": "Jerantut"}}, {"type": "Feature", "geometry": {"type": "Point", "coordinates": [103.2991, 3.7867]}, "properties": {"district": "Kuantan"}}, {"type": "Feature", "geometry": {"type": "Point", "coordinates": [102.3226, 3.5108]}, "properties": {"district": "Temerloh"}}, {"type": "Feature", "geometry": {"type": "Point", "coordinates": [102.7885, 3.4799]}, "properties": {"district": "Maran"}}, {"type": "Feature", "geometry": {"type": "Point", "coordinates": [102.8323, 3.7227]}, "properties": {"district": "Maran"}}, {"type": "Feature", "geometry": {"type": "Point", "coordinates": [103.424, 3.4984]}, "properties": {"district": "Pekan"}}, {"type": "Feature", "geometry": {"type": "Point", "coordinates": [103.2642, 3.7797]}, "properties": {"district": "Kuantan"}}, {"type": "Feature", "geometry": {"type": "Point", "coordinates": [102.5131, 3.7714]}, "properties": {"district": "Jerantut"}}, {"type": "Feature", "geometry": {"type": "Point", "coordinates": [102.4061, 3.4584]}, "properties": {"district": "Temerloh"}}, {"type": "Feature", "geometry": {"type": "Point", "coordinates": [103.2237, 3.7853]}, "properties": {"district": "Kuantan"}}, {"type": "Feature", "geometry": {"type": "Point", "coordinates": [102.5647, 3.4758]}, "properties": {"district": "Temerloh"}}, {"type": "Feature", "geometry": {"type": "Point", "coordinates": [103.2771, 3.7612]}, "properties": {"district": "Kuantan"}}, {"type": "Feature", "geometry": {"type": "Point", "coordinates": [103.2816, 2.8638]}, "properties": {"district": "Rompin"}}, {"type": "Feature", "geometry": {"type": "Point", "coordinates": [102.6201, 3.2174]}, "properties": {"district": "Bera"}}, {"type": "Feature", "geometry": {"type": "Point", "coordinates": [102.4467, 3.4019]}, "properties": {"district": "Temerloh"}}, {"type": "Feature", "geometry": {"type": "Point", "coordinates": [103.2378, 3.7759]}, "properties": {"district": "Kuantan"}}, {"type": "Feature", "geometry": {"type": "Point", "coordinates": [102.4275, 3.4568]}, "properties": {"district": "Temerloh"}}, {"type": "Feature", "geometry": {"type": "Point", "coordinates": [102.9981, 3.5636]}, "properties": {"district": "Maran"}}, {"type": "Feature", "geometry": {"type": "Point", "coordinates": [102.251, 3.47]}, "properties": {"district": "Temerloh"}}, {"type": "Feature", "geometry": {"type": "Point", "coordinates": [103.4346, 3.446]}, "properties": {"district": "Pekan"}}, {"type": "Feature", "geometry": {"type": "Point", "coordinates": [101.9693, 4.3763]}, "properties": {"district": "Kuala Lipis"}}, {"type": "Feature", "geometry": {"type": "Point", "coordinates": [102.6198, 3.6259]}, "properties": {"district": "Maran"}}, {"type": "Feature", "geometry": {"type": "Point", "coordinates": [101.8593, 3.6247]}, "properties": {"district": "Raub"}}, {"type": "Feature", "geometry": {"type": "Point", "coordinates": [103.4279, 2.7912]}, "properties": {"district": "Rompin"}}, {"type": "Feature", "geometry": {"type": "Point", "coordinates": [102.8055, 3.7339]}, "properties": {"district": "Maran"}}, {"type": "Feature", "geometry": {"type": "Point", "coordinates": [103.3562, 3.999]}, "properties": {"district": "Kuantan"}}, {"type": "Feature", "geometry": {"type": "Point", "coordinates": [101.8583, 3.3058]}, "properties": {"district": "Bentong"}}, {"type": "Feature", "geometry": {"type": "Point", "coordinates": [103.4209, 2.7158]}, "properties": {"district": "Rompin"}}, {"type": "Feature", "geometry": {"type": "Point", "coordinates": [102.7539, 3.692]}, "properties": {"district": "Maran"}}, {"type": "Feature", "geometry": {"type": "Point", "coordinates": [101.85, 3.7485]}, "properties": {"district": "Raub"}}, {"type": "Feature", "geometry": {"type": "Point", "coordinates": [103.453, 2.7199]}, "properties": {"district": "Rompin"}}, {"type": "Feature", "geometry": {"type": "Point", "coordinates": [102.3299, 3.9577]}, "properties": {"district": "Jerantut"}}, {"type": "Feature", "geometry": {"type": "Point", "coordinates": [102.4972, 3.3655]}, "properties": {"district": "Temerloh"}}, {"type": "Feature", "geometry": {"type": "Point", "coordinates": [102.1905, 3.3585]}, "properties": {"district": "Temerloh"}}, {"type": "Feature", "geometry": {"type": "Point", "coordinates": [102.2471, 3.8396]}, "properties": {"district": "Jerantut"}}, {"type": "Feature", "geometry": {"type": "Point", "coordinates": [101.8238, 3.8645]}, "properties": {"district": "Raub"}}, {"type": "Feature", "geometry": {"type": "Point", "coordinates": [103.3288, 3.7325]}, "properties": {"district": "Kuantan"}}, {"type": "Feature", "geometry": {"type": "Point", "coordinates": [102.8084, 3.5766]}, "properties": {"district": "Maran"}}, {"type": "Feature", "geometry": {"type": "Point", "coordinates": [103.3404, 3.5142]}, "properties": {"district": "Pekan"}}, {"type": "Feature", "geometry": {"type": "Point", "coordinates": [102.4399, 3.5106]}, "properties": {"district": "Temerloh"}}, {"type": "Feature", "geometry": {"type": "Point", "coordinates": [102.2858, 3.8964]}, "properties": {"district": "Jerantut"}}, {"type": "Feature", "geometry": {"type": "Point", "coordinates": [102.4414, 3.4657]}, "properties": {"district": "Temerloh"}}, {"type": "Feature", "geometry": {"type": "Point", "coordinates": [103.3372, 3.4107]}, "properties": {"district": "Pekan"}}, {"type": "Feature", "geometry": {"type": "Point", "coordinates": [102.406, 3.3276]}, "properties": {"district": "Temerloh"}}, {"type": "Feature", "geometry": {"type": "Point", "coordinates": [102.3979, 3.4432]}, "properties": {"district": "Temerloh"}}, {"type": "Feature", "geometry": {"type": "Point", "coordinates": [101.3647, 4.4506]}, "properties": {"district": "Cameron Highlands"}}, {"type": "Feature", "geometry": {"type": "Point", "coordinates": [101.8391, 3.8948]}, "properties": {"district": "Raub"}}, {"type": "Feature", "geometry": {"type": "Point", "coordinates": [102.2767, 3.944]}, "properties": {"district": "Jerantut"}}, {"type": "Feature", "geometry": {"type": "Point", "coordinates": [102.8106, 3.601]}, "properties": {"district": "Maran"}}, {"type": "Feature", "geometry": {"type": "Point", "coordinates": [103.4193, 2.7767]}, "properties": {"district": "Rompin"}}, {"type": "Feature", "geometry": {"type": "Point", "coordinates": [101.9279, 3.898]}, "properties": {"district": "Raub"}}, {"type": "Feature", "geometry": {"type": "Point", "coordinates": [103.3196, 2.966]}, "properties": {"district": "Rompin"}}, {"type": "Feature", "geometry": {"type": "Point", "coordinates": [103.2801, 2.7678]}, "properties": {"district": "Rompin"}}, {"type": "Feature", "geometry": {"type": "Point", "coordinates": [103.303, 2.6671]}, "properties": {"district": "Rompin"}}, {"type": "Feature", "geometry": {"type": "Point", "coordinates": [102.4687, 3.3695]}, "properties": {"district": "Bera"}}, {"type": "Feature", "geometry": {"type": "Point", "coordinates": [103.3979, 3.4676]}, "properties": {"district": "Pekan"}}, {"type": "Feature", "geometry": {"type": "Point", "coordinates": [102.8011, 3.6203]}, "properties": {"district": "Maran"}}, {"type": "Feature", "geometry": {"type": "Point", "coordinates": [102.7267, 3.3738]}, "properties": {"district": "Maran"}}, {"type": "Feature", "geometry": {"type": "Point", "coordinates": [103.4842, 2.7103]}, "properties": {"district": "Rompin"}}, {"type": "Feature", "geometry": {"type": "Point", "coordinates": [101.8396, 3.8691]}, "properties": {"district": "Raub"}}, {"type": "Feature", "geometry": {"type": "Point", "coordinates": [102.4888, 3.9583]}, "properties": {"district": "Jerantut"}}, {"type": "Feature", "geometry": {"type": "Point", "coordinates": [103.4322, 3.4941]}, "properties": {"district": "Pekan"}}, {"type": "Feature", "geometry": {"type": "Point", "coordinates": [101.8492, 3.8816]}, "properties": {"district": "Raub"}}, {"type": "Feature", "geometry": {"type": "Point", "coordinates": [103.4609, 2.7618]}, "properties": {"district": "Rompin"}}, {"type": "Feature", "geometry": {"type": "Point", "coordinates": [102.686, 3.5424]}, "properties": {"district": "Maran"}}, {"type": "Feature", "geometry": {"type": "Point", "coordinates": [103.3581, 3.6562]}, "properties": {"district": "Pekan"}}, {"type": "Feature", "geometry": {"type": "Point", "coordinates": [102.7204, 3.5098]}, "properties": {"district": "Maran"}}, {"type": "Feature", "geometry": {"type": "Point", "coordinates": [103.3661, 2.7837]}, "properties": {"district": "Rompin"}}, {"type": "Feature", "geometry": {"type": "Point", "coordinates": [103.3209, 3.7744]}, "properties": {"district": "Kuantan"}}, {"type": "Feature", "geometry": {"type": "Point", "coordinates": [102.1405, 4.168]}, "properties": {"district": "Kuala Lipis"}}, {"type": "Feature", "geometry": {"type": "Point", "coordinates": [101.8173, 3.5989]}, "properties": {"district": "Raub"}}, {"type": "Feature", "geometry": {"type": "Point", "coordinates": [101.9158, 3.7654]}, "properties": {"district": "Raub"}}, {"type": "Feature", "geometry": {"type": "Point", "coordinates": [102.4197, 3.6352]}, "properties": {"district": "Jerantut"}}, {"type": "Feature", "geometry": {"type": "Point", "coordinates": [101.9571, 3.3904]}, "properties": {"district": "Bentong"}}, {"type": "Feature", "geometry": {"type": "Point", "coordinates": [102.3, 3.947]}, "properties": {"district": "Jerantut"}}, {"type": "Feature", "geometry": {"type": "Point", "coordinates": [102.6674, 3.5675]}, "properties": {"district": "Maran"}}, {"type": "Feature", "geometry": {"type": "Point", "coordinates": [102.6717, 3.5089]}, "properties": {"district": "Maran"}}, {"type": "Feature", "geometry": {"type": "Point", "coordinates": [102.5002, 3.2874]}, "properties": {"district": "Bera"}}, {"type": "Feature", "geometry": {"type": "Point", "coordinates": [103.3073, 2.7572]}, "properties": {"district": "Rompin"}}, {"type": "Feature", "geometry": {"type": "Point", "coordinates": [101.8819, 3.4281]}, "properties": {"district": "Bentong"}}, {"type": "Feature", "geometry": {"type": "Point", "coordinates": [103.3207, 2.8214]}, "properties": {"district": "Rompin"}}, {"type": "Feature", "geometry": {"type": "Point", "coordinates": [102.7738, 3.6109]}, "properties": {"district": "Maran"}}, {"type": "Feature", "geometry": {"type": "Point", "coordinates": [102.7181, 3.7018]}, "properties": {"district": "Maran"}}, {"type": "Feature", "geometry": {"type": "Point", "coordinates": [103.2316, 3.6827]}, "properties": {"district": "Kuantan"}}, {"type": "Feature", "geometry": {"type": "Point", "coordinates": [101.4555, 4.4658]}, "properties": {"district": "Cameron Highlands"}}, {"type": "Feature", "geometry": {"type": "Point", "coordinates": [103.5861, 2.5919]}, "properties": {"district": "Rompin"}}, {"type": "Feature", "geometry": {"type": "Point", "coordinates": [102.7081, 3.5176]}, "properties": {"district": "Maran"}}, {"type": "Feature", "geometry": {"type": "Point", "coordinates": [101.8947, 3.7957]}, "properties": {"district": "Raub"}}, {"type": "Feature", "geometry": {"type": "Point", "coordinates": [102.3517, 3.3022]}, "properties": {"district": "Bera"}}, {"type": "Feature", "geometry": {"type": "Point", "coordinates": [103.3758, 3.9382]}, "properties": {"district": "Kuantan"}}, {"type": "Feature", "geometry": {"type": "Point", "coordinates": [103.3091, 3.4848]}, "properties": {"district": "Pekan"}}, {"type": "Feature", "geometry": {"type": "Point", "coordinates": [102.8222, 3.5517]}, "properties": {"district": "Maran"}}, {"type": "Feature", "geometry": {"type": "Point", "coordinates": [101.861, 3.3712]}, "properties": {"district": "Bentong"}}, {"type": "Feature", "geometry": {"type": "Point", "coordinates": [102.1397, 4.0719]}, "properties": {"district": "Kuala Lipis"}}, {"type": "Feature", "geometry": {"type": "Point", "coordinates": [102.3401, 3.1417]}, "properties": {"district": "Bera"}}, {"type": "Feature", "geometry": {"type": "Point", "coordinates": [102.7639, 3.404]}, "properties": {"district": "Maran"}}, {"type": "Feature", "geometry": {"type": "Point", "coordinates": [102.5819, 3.4671]}, "properties": {"district": "Maran"}}, {"type": "Feature", "geometry": {"type": "Point", "coordinates": [101.9858, 4.2102]}, "properties": {"district": "Kuala Lipis"}}, {"type": "Feature", "geometry": {"type": "Point", "coordinates": [102.1074, 4.3349]}, "properties": {"district": "Kuala Lipis"}}, {"type": "Feature", "geometry": {"type": "Point", "coordinates": [102.514, 3.4395]}, "properties": {"district": "Temerloh"}}, {"type": "Feature", "geometry": {"type": "Point", "coordinates": [102.3126, 3.3919]}, "properties": {"district": "Bera"}}, {"type": "Feature", "geometry": {"type": "Point", "coordinates": [103.4132, 2.7525]}, "properties": {"district": "Rompin"}}, {"type": "Feature", "geometry": {"type": "Point", "coordinates": [102.226, 3.8936]}, "properties": {"district": "Jerantut"}}, {"type": "Feature", "geometry": {"type": "Point", "coordinates": [101.9228, 4.1255]}, "properties": {"district": "Kuala Lipis"}}, {"type": "Feature", "geometry": {"type": "Point", "coordinates": [102.8389, 3.5293]}, "properties": {"district": "Maran"}}, {"type": "Feature", "geometry": {"type": "Point", "coordinates": [103.3898, 2.6694]}, "properties": {"district": "Rompin"}}, {"type": "Feature", "geometry": {"type": "Point", "coordinates": [102.4483, 3.4902]}, "properties": {"district": "Temerloh"}}, {"type": "Feature", "geometry": {"type": "Point", "coordinates": [103.373, 2.9479]}, "properties": {"district": "Rompin"}}, {"type": "Feature", "geometry": {"type": "Point", "coordinates": [102.7427, 3.5999]}, "properties": {"district": "Maran"}}, {"type": "Feature", "geometry": {"type": "Point", "coordinates": [101.7837, 3.6522]}, "properties": {"district": "Raub"}}, {"type": "Feature", "geometry": {"type": "Point", "coordinates": [102.1504, 4.1078]}, "properties": {"district": "Kuala Lipis"}}, {"type": "Feature", "geometry": {"type": "Point", "coordinates": [101.7656, 3.4849]}, "properties": {"district": "Bentong"}}, {"type": "Feature", "geometry": {"type": "Point", "coordinates": [103.2852, 3.5543]}, "properties": {"district": "Pekan"}}, {"type": "Feature", "geometry": {"type": "Point", "coordinates": [102.0332, 3.556]}, "properties": {"district": "Bentong"}}, {"type": "Feature", "geometry": {"type": "Point", "coordinates": [102.0151, 3.9777]}, "properties": {"district": "Kuala Lipis"}}, {"type": "Feature", "geometry": {"type": "Point", "coordinates": [102.859, 3.6013]}, "properties": {"district": "Maran"}}, {"type": "Feature", "geometry": {"type": "Point", "coordinates": [103.491, 2.7226]}, "properties": {"district": "Rompin"}}, {"type": "Feature", "geometry": {"type": "Point", "coordinates": [103.4789, 2.5783]}, "properties": {"district": "Rompin"}}, {"type": "Feature", "geometry": {"type": "Point", "coordinates": [103.3298, 3.6448]}, "properties": {"district": "Kuantan"}}, {"type": "Feature", "geometry": {"type": "Point", "coordinates": [103.3793, 3.394]}, "properties": {"district": "Pekan"}}, {"type": "Feature", "geometry": {"type": "Point", "coordinates": [101.9643, 4.2147]}, "properties": {"district": "Kuala Lipis"}}, {"type": "Feature", "geometry": {"type": "Point", "coordinates": [102.8614, 3.7533]}, "properties": {"district": "Maran"}}, {"type": "Feature", "geometry": {"type": "Point", "coordinates": [102.05, 4.1314]}, "properties": {"district": "Kuala Lipis"}}, {"type": "Feature", "geometry": {"type": "Point", "coordinates": [103.3995, 2.7807]}, "properties": {"district": "Rompin"}}, {"type": "Feature", "geometry": {"type": "Point", "coordinates": [102.7852, 3.4877]}, "properties": {"district": "Maran"}}, {"type": "Feature", "geometry": {"type": "Point", "coordinates": [103.5362, 2.7395]}, "properties": {"district": "Rompin"}}, {"type": "Feature", "geometry": {"type": "Point", "coordinates": [102.9568, 3.3725]}, "properties": {"district": "Maran"}}, {"type": "Feature", "geometry": {"type": "Point", "coordinates": [102.0666, 4.1173]}, "properties": {"district": "Kuala Lipis"}}, {"type": "Feature", "geometry": {"type": "Point", "coordinates": [102.3683, 3.4181]}, "properties": {"district": "Temerloh"}}, {"type": "Feature", "geometry": {"type": "Point", "coordinates": [102.8257, 3.5991]}, "properties": {"district": "Maran"}}, {"type": "Feature", "geometry": {"type": "Point", "coordinates": [102.4447, 3.4007]}, "properties": {"district": "Temerloh"}}, {"type": "Feature", "geometry": {"type": "Point", "coordinates": [102.309, 3.5178]}, "properties": {"district": "Temerloh"}}, {"type": "Feature", "geometry": {"type": "Point", "coordinates": [101.8955, 3.5479]}, "properties": {"district": "Bentong"}}, {"type": "Feature", "geometry": {"type": "Point", "coordinates": [101.9841, 3.6086]}, "properties": {"district": "Bentong"}}, {"type": "Feature", "geometry": {"type": "Point", "coordinates": [102.1315, 4.1715]}, "properties": {"district": "Kuala Lipis"}}, {"type": "Feature", "geometry": {"type": "Point", "coordinates": [102.317, 4.0442]}, "properties": {"district": "Jerantut"}}, {"type": "Feature", "geometry": {"type": "Point", "coordinates": [101.9038, 3.4687]}, "properties": {"district": "Bentong"}}, {"type": "Feature", "geometry": {"type": "Point", "coordinates": [102.445, 3.3532]}, "properties": {"district": "Bera"}}, {"type": "Feature", "geometry": {"type": "Point", "coordinates": [103.2736, 2.8233]}, "properties": {"district": "Rompin"}}, {"type": "Feature", "geometry": {"type": "Point", "coordinates": [102.436, 3.4451]}, "properties": {"district": "Temerloh"}}, {"type": "Feature", "geometry": {"type": "Point", "coordinates": [101.9382, 4.321]}, "properties": {"district": "Kuala Lipis"}}, {"type": "Feature", "geometry": {"type": "Point", "coordinates": [102.4912, 3.3713]}, "properties": {"district": "Temerloh"}}, {"type": "Feature", "geometry": {"type": "Point", "coordinates": [101.7895, 3.8179]}, "properties": {"district": "Raub"}}, {"type": "Feature", "geometry": {"type": "Point", "coordinates": [102.7968, 3.6761]}, "properties": {"district": "Maran"}}, {"type": "Feature", "geometry": {"type": "Point", "coordinates": [102.2392, 3.3081]}, "properties": {"district": "Temerloh"}}, {"type": "Feature", "geometry": {"type": "Point", "coordinates": [102.3958, 3.5445]}, "properties": {"district": "Temerloh"}}, {"type": "Feature", "geometry": {"type": "Point", "coordinates": [102.6309, 3.614]}, "properties": {"district": "Maran"}}, {"type": "Feature", "geometry": {"type": "Point", "coordinates": [102.1148, 4.2392]}, "properties": {"district": "Kuala Lipis"}}, {"type": "Feature", "geometry": {"type": "Point", "coordinates": [102.003, 3.5052]}, "properties": {"district": "Bentong"}}, {"type": "Feature", "geometry": {"type": "Point", "coordinates": [103.398, 3.414]}, "properties": {"district": "Pekan"}}, {"type": "Feature", "geometry": {"type": "Point", "coordinates": [102.3961, 3.8086]}, "properties": {"district": "Jerantut"}}, {"type": "Feature", "geometry": {"type": "Point", "coordinates": [102.3033, 3.9456]}, "properties": {"district": "Jerantut"}}, {"type": "Feature", "geometry": {"type": "Point", "coordinates": [103.3414, 2.6672]}, "properties": {"district": "Rompin"}}, {"type": "Feature", "geometry": {"type": "Point", "coordinates": [102.5106, 3.5181]}, "properties": {"district": "Temerloh"}}, {"type": "Feature", "geometry": {"type": "Point", "coordinates": [103.4503, 2.6989]}, "properties": {"district": "Rompin"}}, {"type": "Feature", "geometry": {"type": "Point", "coordinates": [102.4044, 4.021]}, "properties": {"district": "Jerantut"}}, {"type": "Feature", "geometry": {"type": "Point", "coordinates": [101.4178, 4.4469]}, "properties": {"district": "Cameron Highlands"}}, {"type": "Feature", "geometry": {"type": "Point", "coordinates": [101.9022, 3.5382]}, "properties": {"district": "Bentong"}}, {"type": "Feature", "geometry": {"type": "Point", "coordinates": [101.9316, 3.4266]}, "properties": {"district": "Bentong"}}, {"type": "Feature", "geometry": {"type": "Point", "coordinates": [102.7142, 3.5379]}, "properties": {"district": "Maran"}}, {"type": "Feature", "geometry": {"type": "Point", "coordinates": [103.2798, 3.8414]}, "properties": {"district": "Kuantan"}}, {"type": "Feature", "geometry": {"type": "Point", "coordinates": [102.4301, 3.8123]}, "properties": {"district": "Jerantut"}}, {"type": "Feature", "geometry": {"type": "Point", "coordinates": [101.9912, 3.8584]}, "properties": {"district": "Raub"}}, {"type": "Feature", "geometry": {"type": "Point", "coordinates": [103.2835, 2.7386]}, "properties": {"district": "Rompin"}}, {"type": "Feature", "geometry": {"type": "Point", "coordinates": [101.8937, 3.5473]}, "properties": {"district": "Bentong"}}, {"type": "Feature", "geometry": {"type": "Point", "coordinates": [101.3933, 4.5045]}, "properties": {"district": "Cameron Highlands"}}, {"type": "Feature", "geometry": {"type": "Point", "coordinates": [103.4576, 2.7314]}, "properties": {"district": "Rompin"}}, {"type": "Feature", "geometry": {"type": "Point", "coordinates": [102.3446, 3.4364]}, "properties": {"district": "Temerloh"}}, {"type": "Feature", "geometry": {"type": "Point", "coordinates": [102.4609, 3.3591]}, "properties": {"district": "Temerloh"}}, {"type": "Feature", "geometry": {"type": "Point", "coordinates": [102.8697, 3.5421]}, "properties": {"district": "Maran"}}, {"type": "Feature", "geometry": {"type": "Point", "coordinates": [102.8104, 3.7635]}, "properties": {"district": "Maran"}}, {"type": "Feature", "geometry": {"type": "Point", "coordinates": [103.572, 2.6418]}, "properties": {"district": "Rompin"}}, {"type": "Feature", "geometry": {"type": "Point", "coordinates": [102.4088, 3.5284]}, "properties": {"district": "Temerloh"}}, {"type": "Feature", "geometry": {"type": "Point", "coordinates": [102.6939, 3.6311]}, "properties": {"district": "Maran"}}, {"type": "Feature", "geometry": {"type": "Point", "coordinates": [101.9205, 3.7026]}, "properties": {"district": "Raub"}}, {"type": "Feature", "geometry": {"type": "Point", "coordinates": [103.3017, 3.825]}, "properties": {"district": "Kuantan"}}, {"type": "Feature", "geometry": {"type": "Point", "coordinates": [102.7838, 3.297]}, "properties": {"district": "Kuantan"}}, {"type": "Feature", "geometry": {"type": "Point", "coordinates": [102.3698, 3.3049]}, "properties": {"district": "Temerloh"}}, {"type": "Feature", "geometry": {"type": "Point", "coordinates": [103.4754, 2.809]}, "properties": {"district": "Rompin"}}, {"type": "Feature", "geometry": {"type": "Point", "coordinates": [103.3214, 3.7997]}, "properties": {"district": "Kuantan"}}, {"type": "Feature", "geometry": {"type": "Point", "coordinates": [103.4539, 3.514]}, "properties": {"district": "Pekan"}}, {"type": "Feature", "geometry": {"type": "Point", "coordinates": [103.2487, 3.8775]}, "properties": {"district": "Kuantan"}}, {"type": "Feature", "geometry": {"type": "Point", "coordinates": [102.3035, 3.5666]}, "properties": {"district": "Temerloh"}}, {"type": "Feature", "geometry": {"type": "Point", "coordinates": [102.289, 3.5809]}, "properties": {"district": "Temerloh"}}, {"type": "Feature", "geometry": {"type": "Point", "coordinates": [101.9897, 4.2632]}, "properties": {"district": "Kuala Lipis"}}, {"type": "Feature", "geometry": {"type": "Point", "coordinates": [102.4187, 3.5668]}, "properties": {"district": "Temerloh"}}, {"type": "Feature", "geometry": {"type": "Point", "coordinates": [101.7891, 3.7494]}, "properties": {"district": "Raub"}}, {"type": "Feature", "geometry": {"type": "Point", "coordinates": [102.3708, 3.5153]}, "properties": {"district": "Temerloh"}}, {"type": "Feature", "geometry": {"type": "Point", "coordinates": [102.3646, 3.4303]}, "properties": {"district": "Temerloh"}}, {"type": "Feature", "geometry": {"type": "Point", "coordinates": [102.4345, 3.2528]}, "properties": {"district": "Bera"}}, {"type": "Feature", "geometry": {"type": "Point", "coordinates": [102.2642, 3.9569]}, "properties": {"district": "Jerantut"}}, {"type": "Feature", "geometry": {"type": "Point", "coordinates": [101.9089, 4.3204]}, "properties": {"district": "Kuala Lipis"}}, {"type": "Feature", "geometry": {"type": "Point", "coordinates": [103.1936, 3.5421]}, "properties": {"district": "Pekan"}}, {"type": "Feature", "geometry": {"type": "Point", "coordinates": [102.1778, 4.2262]}, "properties": {"district": "Kuala Lipis"}}, {"type": "Feature", "geometry": {"type": "Point", "coordinates": [102.2994, 3.589]}, "properties": {"district": "Temerloh"}}, {"type": "Feature", "geometry": {"type": "Point", "coordinates": [102.3372, 3.8268]}, "properties": {"district": "Jerantut"}}, {"type": "Feature", "geometry": {"type": "Point", "coordinates": [103.2724, 3.749]}, "properties": {"district": "Kuantan"}}, {"type": "Feature", "geometry": {"type": "Point", "coordinates": [101.8448, 4.1908]}, "properties": {"district": "Kuala Lipis"}}, {"type": "Feature", "geometry": {"type": "Point", "coordinates": [102.4663, 3.9094]}, "properties": {"district": "Jerantut"}}, {"type": "Feature", "geometry": {"type": "Point", "coordinates": [101.8839, 3.5267]}, "properties": {"district": "Bentong"}}, {"type": "Feature", "geometry": {"type": "Point", "coordinates": [102.4183, 3.4314]}, "properties": {"district": "Temerloh"}}, {"type": "Feature", "geometry": {"type": "Point", "coordinates": [103.2802, 3.8614]}, "properties": {"district": "Kuantan"}}, {"type": "Feature", "geometry": {"type": "Point", "coordinates": [103.4074, 2.7211]}, "properties": {"district": "Rompin"}}, {"type": "Feature", "geometry": {"type": "Point", "coordinates": [101.9757, 3.5531]}, "properties": {"district": "Bentong"}}, {"type": "Feature", "geometry": {"type": "Point", "coordinates": [101.8523, 3.6742]}, "properties": {"district": "Raub"}}, {"type": "Feature", "geometry": {"type": "Point", "coordinates": [101.7636, 3.9823]}, "properties": {"district": "Kuala Lipis"}}, {"type": "Feature", "geometry": {"type": "Point", "coordinates": [102.3863, 3.5905]}, "properties": {"district": "Temerloh"}}, {"type": "Feature", "geometry": {"type": "Point", "coordinates": [102.7699, 3.4606]}, "properties": {"district": "Maran"}}, {"type": "Feature", "geometry": {"type": "Point", "coordinates": [102.7575, 3.6114]}, "properties": {"district": "Maran"}}, {"type": "Feature", "geometry": {"type": "Point", "coordinates": [102.3751, 3.8285]}, "properties": {"district": "Jerantut"}}, {"type": "Feature", "geometry": {"type": "Point", "coordinates": [101.8445, 3.5419]}, "properties": {"district": "Bentong"}}, {"type": "Feature", "geometry": {"type": "Point", "coordinates": [101.9637, 3.4669]}, "properties": {"district": "Bentong"}}, {"type": "Feature", "geometry": {"type": "Point", "coordinates": [102.405, 3.5081]}, "properties": {"district": "Temerloh"}}, {"type": "Feature", "geometry": {"type": "Point", "coordinates": [101.6472, 3.8346]}, "properties": {"district": "Raub"}}, {"type": "Feature", "geometry": {"type": "Point", "coordinates": [102.2871, 3.5028]}, "properties": {"district": "Temerloh"}}, {"type": "Feature", "geometry": {"type": "Point", "coordinates": [103.5685, 2.6561]}, "properties": {"district": "Rompin"}}, {"type": "Feature", "geometry": {"type": "Point", "coordinates": [101.9972, 3.5776]}, "properties": {"district": "Bentong"}}, {"type": "Feature", "geometry": {"type": "Point", "coordinates": [103.2629, 3.7138]}, "properties": {"district": "Kuantan"}}, {"type": "Feature", "geometry": {"type": "Point", "coordinates": [103.3957, 3.3363]}, "properties": {"district": "Rompin"}}, {"type": "Feature", "geometry": {"type": "Point", "coordinates": [103.4062, 2.7203]}, "properties": {"district": "Rompin"}}, {"type": "Feature", "geometry": {"type": "Point", "coordinates": [103.4349, 2.6357]}, "properties": {"district": "Rompin"}}, {"type": "Feature", "geometry": {"type": "Point", "coordinates": [101.9221, 4.0569]}, "properties": {"district": "Kuala Lipis"}}, {"type": "Feature", "geometry": {"type": "Point", "coordinates": [103.4321, 2.8422]}, "properties": {"district": "Rompin"}}, {"type": "Feature", "geometry": {"type": "Point", "coordinates": [101.3565, 4.4763]}, "properties": {"district": "Cameron Highlands"}}, {"type": "Feature", "geometry": {"type": "Point", "coordinates": [101.8586, 3.625]}, "properties": {"district": "Bentong"}}, {"type": "Feature", "geometry": {"type": "Point", "coordinates": [101.9815, 3.7825]}, "properties": {"district": "Raub"}}, {"type": "Feature", "geometry": {"type": "Point", "coordinates": [103.5532, 2.7276]}, "properties": {"district": "Rompin"}}, {"type": "Feature", "geometry": {"type": "Point", "coordinates": [102.861, 3.7546]}, "properties": {"district": "Maran"}}, {"type": "Feature", "geometry": {"type": "Point", "coordinates": [102.058, 4.2563]}, "properties": {"district": "Kuala Lipis"}}, {"type": "Feature", "geometry": {"type": "Point", "coordinates": [102.5738, 3.7327]}, "properties": {"district": "Jerantut"}}, {"type": "Feature", "geometry": {"type": "Point", "coordinates": [103.4343, 2.8177]}, "properties": {"district": "Rompin"}}, {"type": "Feature", "geometry": {"type": "Point", "coordinates": [102.0358, 3.5152]}, "properties": {"district": "Bentong"}}, {"type": "Feature", "geometry": {"type": "Point", "coordinates": [102.3984, 3.8276]}, "properties": {"district": "Jerantut"}}, {"type": "Feature", "geometry": {"type": "Point", "coordinates": [102.7168, 3.6551]}, "properties": {"district": "Maran"}}, {"type": "Feature", "geometry": {"type": "Point", "coordinates": [102.8103, 3.5861]}, "properties": {"district": "Maran"}}, {"type": "Feature", "geometry": {"type": "Point", "coordinates": [103.53, 2.7336]}, "properties": {"district": "Rompin"}}, {"type": "Feature", "geometry": {"type": "Point", "coordinates": [102.0566, 4.0972]}, "properties": {"district": "Kuala Lipis"}}, {"type": "Feature", "geometry": {"type": "Point", "coordinates": [101.8791, 3.569]}, "properties": {"district": "Bentong"}}, {"type": "Feature", "geometry": {"type": "Point", "coordinates": [103.4155, 3.4449]}, "properties": {"district": "Pekan"}}, {"type": "Feature", "geometry": {"type": "Point", "coordinates": [102.3036, 4.0544]}, "properties": {"district": "Jerantut"}}, {"type": "Feature", "geometry": {"type": "Point", "coordinates": [101.9105, 3.6883]}, "properties": {"district": "Raub"}}, {"type": "Feature", "geometry": {"type": "Point", "coordinates": [102.3974, 3.356]}, "properties": {"district": "Temerloh"}}, {"type": "Feature", "geometry": {"type": "Point", "coordinates": [102.4388, 3.4183]}, "properties": {"district": "Temerloh"}}, {"type": "Feature", "geometry": {"type": "Point", "coordinates": [102.3645, 4.0006]}, "properties": {"district": "Jerantut"}}, {"type": "Feature", "geometry": {"type": "Point", "coordinates": [101.8825, 3.6085]}, "properties": {"district": "Bentong"}}, {"type": "Feature", "geometry": {"type": "Point", "coordinates": [102.002, 3.4951]}, "properties": {"district": "Bentong"}}, {"type": "Feature", "geometry": {"type": "Point", "coordinates": [102.0162, 4.4595]}, "properties": {"district": "Kuala Lipis"}}, {"type": "Feature", "geometry": {"type": "Point", "coordinates": [102.5081, 3.9293]}, "properties": {"district": "Jerantut"}}, {"type": "Feature", "geometry": {"type": "Point", "coordinates": [102.3856, 3.4293]}, "properties": {"district": "Temerloh"}}, {"type": "Feature", "geometry": {"type": "Point", "coordinates": [103.1701, 3.8466]}, "properties": {"district": "Kuantan"}}, {"type": "Feature", "geometry": {"type": "Point", "coordinates": [102.2541, 3.3905]}, "properties": {"district": "Temerloh"}}, {"type": "Feature", "geometry": {"type": "Point", "coordinates": [101.3671, 4.5491]}, "properties": {"district": "Cameron Highlands"}}, {"type": "Feature", "geometry": {"type": "Point", "coordinates": [102.3978, 3.4752]}, "properties": {"district": "Temerloh"}}, {"type": "Feature", "geometry": {"type": "Point", "coordinates": [102.4784, 3.842]}, "properties": {"district": "Jerantut"}}, {"type": "Feature", "geometry": {"type": "Point", "coordinates": [102.4017, 3.505]}, "properties": {"district": "Temerloh"}}, {"type": "Feature", "geometry": {"type": "Point", "coordinates": [102.8288, 3.6389]}, "properties": {"district": "Maran"}}, {"type": "Feature", "geometry": {"type": "Point", "coordinates": [103.4369, 2.7054]}, "properties": {"district": "Rompin"}}, {"type": "Feature", "geometry": {"type": "Point", "coordinates": [102.347, 3.4347]}, "properties": {"district": "Temerloh"}}, {"type": "Feature", "geometry": {"type": "Point", "coordinates": [103.4564, 2.7051]}, "properties": {"district": "Rompin"}}, {"type": "Feature", "geometry": {"type": "Point", "coordinates": [101.9471, 3.4773]}, "properties": {"district": "Bentong"}}, {"type": "Feature", "geometry": {"type": "Point", "coordinates": [102.7518, 3.7964]}, "properties": {"district": "Maran"}}, {"type": "Feature", "geometry": {"type": "Point", "coordinates": [102.2413, 4.4786]}, "properties": {"district": "Bentong"}}, {"type": "Feature", "geometry": {"type": "Point", "coordinates": [102.4508, 3.3964]}, "properties": {"district": "Temerloh"}}, {"type": "Feature", "geometry": {"type": "Point", "coordinates": [102.3756, 3.2405]}, "properties": {"district": "Bera"}}, {"type": "Feature", "geometry": {"type": "Point", "coordinates": [103.3251, 3.3701]}, "properties": {"district": "Pekan"}}, {"type": "Feature", "geometry": {"type": "Point", "coordinates": [103.484, 2.8155]}, "properties": {"district": "Rompin"}}, {"type": "Feature", "geometry": {"type": "Point", "coordinates": [102.4636, 3.2352]}, "properties": {"district": "Bera"}}, {"type": "Feature", "geometry": {"type": "Point", "coordinates": [102.8954, 3.8629]}, "properties": {"district": "Maran"}}, {"type": "Feature", "geometry": {"type": "Point", "coordinates": [103.3446, 3.4522]}, "properties": {"district": "Pekan"}}, {"type": "Feature", "geometry": {"type": "Point", "coordinates": [103.5355, 2.6471]}, "properties": {"district": "Rompin"}}, {"type": "Feature", "geometry": {"type": "Point", "coordinates": [102.4667, 3.4973]}, "properties": {"district": "Temerloh"}}, {"type": "Feature", "geometry": {"type": "Point", "coordinates": [102.5275, 3.5301]}, "properties": {"district": "Temerloh"}}, {"type": "Feature", "geometry": {"type": "Point", "coordinates": [103.3573, 3.8214]}, "properties": {"district": "Kuantan"}}, {"type": "Feature", "geometry": {"type": "Point", "coordinates": [103.4358, 2.8641]}, "properties": {"district": "Rompin"}}, {"type": "Feature", "geometry": {"type": "Point", "coordinates": [103.4415, 2.8166]}, "properties": {"district": "Rompin"}}, {"type": "Feature", "geometry": {"type": "Point", "coordinates": [102.1939, 3.8347]}, "properties": {"district": "Jerantut"}}, {"type": "Feature", "geometry": {"type": "Point", "coordinates": [103.3252, 3.7226]}, "properties": {"district": "Kuantan"}}, {"type": "Feature", "geometry": {"type": "Point", "coordinates": [103.3761, 2.7514]}, "properties": {"district": "Rompin"}}, {"type": "Feature", "geometry": {"type": "Point", "coordinates": [103.4391, 2.8364]}, "properties": {"district": "Rompin"}}, {"type": "Feature", "geometry": {"type": "Point", "coordinates": [101.9314, 4.1344]}, "properties": {"district": "Kuala Lipis"}}, {"type": "Feature", "geometry": {"type": "Point", "coordinates": [103.4163, 3.4123]}, "properties": {"district": "Pekan"}}, {"type": "Feature", "geometry": {"type": "Point", "coordinates": [103.3553, 3.8789]}, "properties": {"district": "Kuantan"}}, {"type": "Feature", "geometry": {"type": "Point", "coordinates": [103.4218, 3.3906]}, "properties": {"district": "Pekan"}}, {"type": "Feature", "geometry": {"type": "Point", "coordinates": [103.5142, 2.7452]}, "properties": {"district": "Rompin"}}, {"type": "Feature", "geometry": {"type": "Point", "coordinates": [103.3772, 2.7393]}, "properties": {"district": "Rompin"}}, {"type": "Feature", "geometry": {"type": "Point", "coordinates": [102.1435, 4.0457]}, "properties": {"district": "Jerantut"}}, {"type": "Feature", "geometry": {"type": "Point", "coordinates": [103.3637, 3.8853]}, "properties": {"district": "Kuantan"}}, {"type": "Feature", "geometry": {"type": "Point", "coordinates": [101.8923, 3.5692]}, "properties": {"district": "Bentong"}}, {"type": "Feature", "geometry": {"type": "Point", "coordinates": [102.5579, 3.4818]}, "properties": {"district": "Bera"}}, {"type": "Feature", "geometry": {"type": "Point", "coordinates": [101.7502, 3.7307]}, "properties": {"district": "Raub"}}, {"type": "Feature", "geometry": {"type": "Point", "coordinates": [102.7319, 3.63]}, "properties": {"district": "Maran"}}, {"type": "Feature", "geometry": {"type": "Point", "coordinates": [103.3418, 3.8924]}, "properties": {"district": "Kuantan"}}, {"type": "Feature", "geometry": {"type": "Point", "coordinates": [102.8183, 3.5814]}, "properties": {"district": "Maran"}}, {"type": "Feature", "geometry": {"type": "Point", "coordinates": [102.034, 4.2363]}, "properties": {"district": "Kuala Lipis"}}, {"type": "Feature", "geometry": {"type": "Point", "coordinates": [101.8381, 3.7374]}, "properties": {"district": "Raub"}}, {"type": "Feature", "geometry": {"type": "Point", "coordinates": [103.327, 3.586]}, "properties": {"district": "Pekan"}}, {"type": "Feature", "geometry": {"type": "Point", "coordinates": [103.2498, 3.6419]}, "properties": {"district": "Kuantan"}}, {"type": "Feature", "geometry": {"type": "Point", "coordinates": [102.7834, 3.7101]}, "properties": {"district": "Maran"}}, {"type": "Feature", "geometry": {"type": "Point", "coordinates": [102.4408, 3.614]}, "properties": {"district": "Temerloh"}}, {"type": "Feature", "geometry": {"type": "Point", "coordinates": [103.3142, 3.8306]}, "properties": {"district": "Kuantan"}}, {"type": "Feature", "geometry": {"type": "Point", "coordinates": [102.1439, 4.3698]}, "properties": {"district": "Kuala Lipis"}}, {"type": "Feature", "geometry": {"type": "Point", "coordinates": [103.4633, 2.7209]}, "properties": {"district": "Rompin"}}, {"type": "Feature", "geometry": {"type": "Point", "coordinates": [101.4083, 4.4643]}, "properties": {"district": "Cameron Highlands"}}, {"type": "Feature", "geometry": {"type": "Point", "coordinates": [103.3947, 2.8834]}, "properties": {"district": "Rompin"}}, {"type": "Feature", "geometry": {"type": "Point", "coordinates": [103.2172, 3.7939]}, "properties": {"district": "Kuantan"}}, {"type": "Feature", "geometry": {"type": "Point", "coordinates": [103.3478, 2.8751]}, "properties": {"district": "Rompin"}}, {"type": "Feature", "geometry": {"type": "Point", "coordinates": [102.5158, 3.4257]}, "properties": {"district": "Temerloh"}}, {"type": "Feature", "geometry": {"type": "Point", "coordinates": [101.9674, 3.6501]}, "properties": {"district": "Bentong"}}, {"type": "Feature", "geometry": {"type": "Point", "coordinates": [102.775, 3.536]}, "properties": {"district": "Maran"}}, {"type": "Feature", "geometry": {"type": "Point", "coordinates": [102.0721, 3.3538]}, "properties": {"district": "Bentong"}}, {"type": "Feature", "geometry": {"type": "Point", "coordinates": [103.198, 3.7928]}, "properties": {"district": "Kuantan"}}, {"type": "Feature", "geometry": {"type": "Point", "coordinates": [102.5014, 3.3045]}, "properties": {"district": "Temerloh"}}, {"type": "Feature", "geometry": {"type": "Point", "coordinates": [102.4513, 3.3992]}, "properties": {"district": "Bera"}}, {"type": "Feature", "geometry": {"type": "Point", "coordinates": [102.8541, 3.6069]}, "properties": {"district": "Maran"}}, {"type": "Feature", "geometry": {"type": "Point", "coordinates": [103.4125, 3.0349]}, "properties": {"district": "Rompin"}}, {"type": "Feature", "geometry": {"type": "Point", "coordinates": [101.9857, 3.4523]}, "properties": {"district": "Bentong"}}, {"type": "Feature", "geometry": {"type": "Point", "coordinates": [103.261, 3.7941]}, "properties": {"district": "Kuantan"}}, {"type": "Feature", "geometry": {"type": "Point", "coordinates": [103.2898, 2.7929]}, "properties": {"district": "Rompin"}}, {"type": "Feature", "geometry": {"type": "Point", "coordinates": [103.5195, 2.7701]}, "properties": {"district": "Rompin"}}, {"type": "Feature", "geometry": {"type": "Point", "coordinates": [102.6721, 3.4765]}, "properties": {"district": "Maran"}}, {"type": "Feature", "geometry": {"type": "Point", "coordinates": [101.8258, 3.8651]}, "properties": {"district": "Raub"}}, {"type": "Feature", "geometry": {"type": "Point", "coordinates": [102.2285, 3.9025]}, "properties": {"district": "Jerantut"}}, {"type": "Feature", "geometry": {"type": "Point", "coordinates": [101.9318, 3.5206]}, "properties": {"district": "Bentong"}}, {"type": "Feature", "geometry": {"type": "Point", "coordinates": [103.3092, 2.7464]}, "properties": {"district": "Rompin"}}, {"type": "Feature", "geometry": {"type": "Point", "coordinates": [102.2932, 3.4994]}, "properties": {"district": "Temerloh"}}, {"type": "Feature", "geometry": {"type": "Point", "coordinates": [102.7807, 3.7249]}, "properties": {"district": "Maran"}}, {"type": "Feature", "geometry": {"type": "Point", "coordinates": [101.9196, 3.4427]}, "properties": {"district": "Bentong"}}, {"type": "Feature", "geometry": {"type": "Point", "coordinates": [102.7929, 3.43]}, "properties": {"district": "Maran"}}, {"type": "Feature", "geometry": {"type": "Point", "coordinates": [102.292, 3.7539]}, "properties": {"district": "Jerantut"}}, {"type": "Feature", "geometry": {"type": "Point", "coordinates": [102.3899, 3.4414]}, "properties": {"district": "Temerloh"}}, {"type": "Feature", "geometry": {"type": "Point", "coordinates": [102.7847, 3.6142]}, "properties": {"district": "Maran"}}, {"type": "Feature", "geometry": {"type": "Point", "coordinates": [102.7791, 3.517]}, "properties": {"district": "Maran"}}, {"type": "Feature", "geometry": {"type": "Point", "coordinates": [102.5225, 3.2862]}, "properties": {"district": "Bera"}}, {"type": "Feature", "geometry": {"type": "Point", "coordinates": [103.3963, 3.3964]}, "properties": {"district": "Pekan"}}, {"type": "Feature", "geometry": {"type": "Point", "coordinates": [101.882, 3.7093]}, "properties": {"district": "Bentong"}}, {"type": "Feature", "geometry": {"type": "Point", "coordinates": [102.3053, 3.4474]}, "properties": {"district": "Temerloh"}}, {"type": "Feature", "geometry": {"type": "Point", "coordinates": [102.8465, 3.4436]}, "properties": {"district": "Maran"}}, {"type": "Feature", "geometry": {"type": "Point", "coordinates": [103.4128, 2.8703]}, "properties": {"district": "Rompin"}}, {"type": "Feature", "geometry": {"type": "Point", "coordinates": [103.3967, 2.7889]}, "properties": {"district": "Rompin"}}, {"type": "Feature", "geometry": {"type": "Point", "coordinates": [102.4254, 3.4626]}, "properties": {"district": "Temerloh"}}, {"type": "Feature", "geometry": {"type": "Point", "coordinates": [101.9197, 3.4952]}, "properties": {"district": "Bentong"}}, {"type": "Feature", "geometry": {"type": "Point", "coordinates": [101.4027, 4.4896]}, "properties": {"district": "Cameron Highlands"}}, {"type": "Feature", "geometry": {"type": "Point", "coordinates": [102.3816, 3.4972]}, "properties": {"district": "Temerloh"}}, {"type": "Feature", "geometry": {"type": "Point", "coordinates": [103.4155, 2.7183]}, "properties": {"district": "Rompin"}}, {"type": "Feature", "geometry": {"type": "Point", "coordinates": [101.9933, 3.4882]}, "properties": {"district": "Bentong"}}, {"type": "Feature", "geometry": {"type": "Point", "coordinates": [102.0592, 4.2748]}, "properties": {"district": "Kuala Lipis"}}, {"type": "Feature", "geometry": {"type": "Point", "coordinates": [102.4437, 3.5103]}, "properties": {"district": "Temerloh"}}, {"type": "Feature", "geometry": {"type": "Point", "coordinates": [103.3251, 3.7382]}, "properties": {"district": "Kuantan"}}, {"type": "Feature", "geometry": {"type": "Point", "coordinates": [102.4183, 3.3572]}, "properties": {"district": "Temerloh"}}, {"type": "Feature", "geometry": {"type": "Point", "coordinates": [102.5863, 3.6106]}, "properties": {"district": "Maran"}}, {"type": "Feature", "geometry": {"type": "Point", "coordinates": [102.8994, 3.5067]}, "properties": {"district": "Maran"}}, {"type": "Feature", "geometry": {"type": "Point", "coordinates": [103.2357, 3.7464]}, "properties": {"district": "Kuantan"}}, {"type": "Feature", "geometry": {"type": "Point", "coordinates": [103.412, 3.3896]}, "properties": {"district": "Pekan"}}, {"type": "Feature", "geometry": {"type": "Point", "coordinates": [102.258, 3.5749]}, "properties": {"district": "Temerloh"}}, {"type": "Feature", "geometry": {"type": "Point", "coordinates": [102.7328, 3.6057]}, "properties": {"district": "Maran"}}, {"type": "Feature", "geometry": {"type": "Point", "coordinates": [103.5115, 2.7539]}, "properties": {"district": "Rompin"}}, {"type": "Feature", "geometry": {"type": "Point", "coordinates": [102.2212, 3.3864]}, "properties": {"district": "Temerloh"}}, {"type": "Feature", "geometry": {"type": "Point", "coordinates": [103.2787, 3.8522]}, "properties": {"district": "Kuantan"}}, {"type": "Feature", "geometry": {"type": "Point", "coordinates": [102.2104, 3.847]}, "properties": {"district": "Jerantut"}}, {"type": "Feature", "geometry": {"type": "Point", "coordinates": [102.8563, 3.5098]}, "properties": {"district": "Maran"}}, {"type": "Feature", "geometry": {"type": "Point", "coordinates": [102.347, 3.9624]}, "properties": {"district": "Jerantut"}}, {"type": "Feature", "geometry": {"type": "Point", "coordinates": [102.8474, 3.8003]}, "properties": {"district": "Maran"}}, {"type": "Feature", "geometry": {"type": "Point", "coordinates": [102.5287, 3.459]}, "properties": {"district": "Temerloh"}}, {"type": "Feature", "geometry": {"type": "Point", "coordinates": [101.9961, 4.2131]}, "properties": {"district": "Kuala Lipis"}}, {"type": "Feature", "geometry": {"type": "Point", "coordinates": [103.2318, 2.7979]}, "properties": {"district": "Rompin"}}, {"type": "Feature", "geometry": {"type": "Point", "coordinates": [102.6894, 3.5658]}, "properties": {"district": "Maran"}}, {"type": "Feature", "geometry": {"type": "Point", "coordinates": [102.0225, 3.8145]}, "properties": {"district": "Raub"}}, {"type": "Feature", "geometry": {"type": "Point", "coordinates": [101.8872, 3.5763]}, "properties": {"district": "Bentong"}}, {"type": "Feature", "geometry": {"type": "Point", "coordinates": [101.7896, 3.7817]}, "properties": {"district": "Raub"}}, {"type": "Feature", "geometry": {"type": "Point", "coordinates": [102.9041, 3.5836]}, "properties": {"district": "Maran"}}, {"type": "Feature", "geometry": {"type": "Point", "coordinates": [102.2929, 3.4026]}, "properties": {"district": "Temerloh"}}, {"type": "Feature", "geometry": {"type": "Point", "coordinates": [102.1129, 4.215]}, "properties": {"district": "Kuala Lipis"}}, {"type": "Feature", "geometry": {"type": "Point", "coordinates": [103.4288, 2.6883]}, "properties": {"district": "Rompin"}}, {"type": "Feature", "geometry": {"type": "Point", "coordinates": [102.7277, 3.4486]}, "properties": {"district": "Maran"}}, {"type": "Feature", "geometry": {"type": "Point", "coordinates": [102.7065, 3.5489]}, "properties": {"district": "Maran"}}, {"type": "Feature", "geometry": {"type": "Point", "coordinates": [103.3216, 3.3153]}, "properties": {"district": "Pekan"}}, {"type": "Feature", "geometry": {"type": "Point", "coordinates": [101.9421, 3.544]}, "properties": {"district": "Bentong"}}, {"type": "Feature", "geometry": {"type": "Point", "coordinates": [103.2822, 3.8951]}, "properties": {"district": "Kuantan"}}, {"type": "Feature", "geometry": {"type": "Point", "coordinates": [102.8601, 3.6185]}, "properties": {"district": "Maran"}}, {"type": "Feature", "geometry": {"type": "Point", "coordinates": [103.4466, 2.8511]}, "properties": {"district": "Rompin"}}, {"type": "Feature", "geometry": {"type": "Point", "coordinates": [102.6594, 3.4537]}, "properties": {"district": "Maran"}}, {"type": "Feature", "geometry": {"type": "Point", "coordinates": [102.6758, 3.6469]}, "properties": {"district": "Maran"}}, {"type": "Feature", "geometry": {"type": "Point", "coordinates": [102.4509, 3.5801]}, "properties": {"district": "Temerloh"}}, {"type": "Feature", "geometry": {"type": "Point", "coordinates": [103.4303, 2.9178]}, "properties": {"district": "Rompin"}}, {"type": "Feature", "geometry": {"type": "Point", "coordinates": [103.2209, 3.4583]}, "properties": {"district": "Pekan"}}, {"type": "Feature", "geometry": {"type": "Point", "coordinates": [103.3802, 2.8786]}, "properties": {"district": "Rompin"}}, {"type": "Feature", "geometry": {"type": "Point", "coordinates": [102.8704, 3.5628]}, "properties": {"district": "Maran"}}, {"type": "Feature", "geometry": {"type": "Point", "coordinates": [103.3578, 3.358]}, "properties": {"district": "Pekan"}}, {"type": "Feature", "geometry": {"type": "Point", "coordinates": [101.4417, 4.4564]}, "properties": {"district": "Cameron Highlands"}}, {"type": "Feature", "geometry": {"type": "Point", "coordinates": [101.9812, 4.158]}, "properties": {"district": "Kuala Lipis"}}, {"type": "Feature", "geometry": {"type": "Point", "coordinates": [102.0247, 4.033]}, "properties": {"district": "Kuala Lipis"}}, {"type": "Feature", "geometry": {"type": "Point", "coordinates": [102.4344, 3.5373]}, "properties": {"district": "Temerloh"}}, {"type": "Feature", "geometry": {"type": "Point", "coordinates": [102.2929, 3.775]}, "properties": {"district": "Jerantut"}}, {"type": "Feature", "geometry": {"type": "Point", "coordinates": [101.8366, 3.7468]}, "properties": {"district": "Raub"}}, {"type": "Feature", "geometry": {"type": "Point", "coordinates": [102.3778, 3.3889]}, "properties": {"district": "Temerloh"}}, {"type": "Feature", "geometry": {"type": "Point", "coordinates": [101.8552, 3.5951]}, "properties": {"district": "Bentong"}}, {"type": "Feature", "geometry": {"type": "Point", "coordinates": [103.3593, 3.426]}, "properties": {"district": "Pekan"}}, {"type": "Feature", "geometry": {"type": "Point", "coordinates": [101.8912, 3.7056]}, "properties": {"district": "Raub"}}, {"type": "Feature", "geometry": {"type": "Point", "coordinates": [102.3457, 3.5306]}, "properties": {"district": "Temerloh"}}, {"type": "Feature", "geometry": {"type": "Point", "coordinates": [102.1425, 3.9085]}, "properties": {"district": "Jerantut"}}, {"type": "Feature", "geometry": {"type": "Point", "coordinates": [103.253, 3.8986]}, "properties": {"district": "Kuantan"}}, {"type": "Feature", "geometry": {"type": "Point", "coordinates": [101.7803, 3.4559]}, "properties": {"district": "Bentong"}}, {"type": "Feature", "geometry": {"type": "Point", "coordinates": [102.3956, 3.306]}, "properties": {"district": "Temerloh"}}, {"type": "Feature", "geometry": {"type": "Point", "coordinates": [102.2978, 3.4354]}, "properties": {"district": "Temerloh"}}, {"type": "Feature", "geometry": {"type": "Point", "coordinates": [102.8454, 3.6438]}, "properties": {"district": "Maran"}}, {"type": "Feature", "geometry": {"type": "Point", "coordinates": [102.3487, 3.1715]}, "properties": {"district": "Bera"}}, {"type": "Feature", "geometry": {"type": "Point", "coordinates": [102.191, 4.1729]}, "properties": {"district": "Kuala Lipis"}}, {"type": "Feature", "geometry": {"type": "Point", "coordinates": [101.9679, 3.5567]}, "properties": {"district": "Bentong"}}, {"type": "Feature", "geometry": {"type": "Point", "coordinates": [102.7747, 3.6262]}, "properties": {"district": "Maran"}}, {"type": "Feature", "geometry": {"type": "Point", "coordinates": [101.8229, 3.575]}, "properties": {"district": "Bentong"}}, {"type": "Feature", "geometry": {"type": "Point", "coordinates": [103.3279, 3.8751]}, "properties": {"district": "Kuantan"}}, {"type": "Feature", "geometry": {"type": "Point", "coordinates": [102.577, 3.4662]}, "properties": {"district": "Maran"}}, {"type": "Feature", "geometry": {"type": "Point", "coordinates": [102.2995, 3.538]}, "properties": {"district": "Temerloh"}}, {"type": "Feature", "geometry": {"type": "Point", "coordinates": [101.9156, 3.8091]}, "properties": {"district": "Raub"}}, {"type": "Feature", "geometry": {"type": "Point", "coordinates": [103.3986, 2.8013]}, "properties": {"district": "Rompin"}}, {"type": "Feature", "geometry": {"type": "Point", "coordinates": [103.2942, 3.7127]}, "properties": {"district": "Kuantan"}}, {"type": "Feature", "geometry": {"type": "Point", "coordinates": [102.465, 3.4509]}, "properties": {"district": "Temerloh"}}, {"type": "Feature", "geometry": {"type": "Point", "coordinates": [102.8765, 3.4482]}, "properties": {"district": "Maran"}}, {"type": "Feature", "geometry": {"type": "Point", "coordinates": [103.3033, 3.701]}, "properties": {"district": "Kuantan"}}, {"type": "Feature", "geometry": {"type": "Point", "coordinates": [103.3729, 2.7247]}, "properties": {"district": "Rompin"}}, {"type": "Feature", "geometry": {"type": "Point", "coordinates": [101.9289, 4.127]}, "properties": {"district": "Kuala Lipis"}}, {"type": "Feature", "geometry": {"type": "Point", "coordinates": [102.3839, 3.3341]}, "properties": {"district": "Temerloh"}}, {"type": "Feature", "geometry": {"type": "Point", "coordinates": [103.45, 2.8063]}, "properties": {"district": "Rompin"}}, {"type": "Feature", "geometry": {"type": "Point", "coordinates": [101.9375, 3.5557]}, "properties": {"district": "Bentong"}}, {"type": "Feature", "geometry": {"type": "Point", "coordinates": [101.7807, 3.7341]}, "properties": {"district": "Raub"}}, {"type": "Feature", "geometry": {"type": "Point", "coordinates": [102.753, 3.654]}, "properties": {"district": "Maran"}}, {"type": "Feature", "geometry": {"type": "Point", "coordinates": [103.3766, 3.5542]}, "properties": {"district": "Pekan"}}, {"type": "Feature", "geometry": {"type": "Point", "coordinates": [101.9061, 4.216]}, "properties": {"district": "Kuala Lipis"}}, {"type": "Feature", "geometry": {"type": "Point", "coordinates": [103.435, 2.7833]}, "properties": {"district": "Rompin"}}, {"type": "Feature", "geometry": {"type": "Point", "coordinates": [102.5296, 3.5287]}, "properties": {"district": "Temerloh"}}, {"type": "Feature", "geometry": {"type": "Point", "coordinates": [103.2571, 3.7954]}, "properties": {"district": "Kuantan"}}, {"type": "Feature", "geometry": {"type": "Point", "coordinates": [102.8324, 3.5827]}, "properties": {"district": "Maran"}}, {"type": "Feature", "geometry": {"type": "Point", "coordinates": [103.4115, 3.5194]}, "properties": {"district": "Pekan"}}, {"type": "Feature", "geometry": {"type": "Point", "coordinates": [102.7202, 3.5937]}, "properties": {"district": "Maran"}}, {"type": "Feature", "geometry": {"type": "Point", "coordinates": [101.8687, 3.4923]}, "properties": {"district": "Bentong"}}, {"type": "Feature", "geometry": {"type": "Point", "coordinates": [102.4662, 4.0544]}, "properties": {"district": "Jerantut"}}, {"type": "Feature", "geometry": {"type": "Point", "coordinates": [101.9904, 3.4893]}, "properties": {"district": "Bentong"}}, {"type": "Feature", "geometry": {"type": "Point", "coordinates": [101.8978, 3.4093]}, "properties": {"district": "Bentong"}}, {"type": "Feature", "geometry": {"type": "Point", "coordinates": [102.3655, 3.4403]}, "properties": {"district": "Temerloh"}}, {"type": "Feature", "geometry": {"type": "Point", "coordinates": [101.8245, 3.9164]}, "properties": {"district": "Raub"}}, {"type": "Feature", "geometry": {"type": "Point", "coordinates": [102.3256, 3.2982]}, "properties": {"district": "Bera"}}, {"type": "Feature", "geometry": {"type": "Point", "coordinates": [103.1235, 3.7236]}, "properties": {"district": "Kuantan"}}, {"type": "Feature", "geometry": {"type": "Point", "coordinates": [102.3548, 3.3877]}, "properties": {"district": "Temerloh"}}, {"type": "Feature", "geometry": {"type": "Point", "coordinates": [103.4546, 3.5052]}, "properties": {"district": "Pekan"}}, {"type": "Feature", "geometry": {"type": "Point", "coordinates": [102.4298, 3.9108]}, "properties": {"district": "Jerantut"}}, {"type": "Feature", "geometry": {"type": "Point", "coordinates": [102.4253, 3.9865]}, "properties": {"district": "Jerantut"}}, {"type": "Feature", "geometry": {"type": "Point", "coordinates": [102.2372, 3.4997]}, "properties": {"district": "Temerloh"}}, {"type": "Feature", "geometry": {"type": "Point", "coordinates": [102.7135, 3.5189]}, "properties": {"district": "Maran"}}, {"type": "Feature", "geometry": {"type": "Point", "coordinates": [102.5276, 3.2274]}, "properties": {"district": "Bera"}}, {"type": "Feature", "geometry": {"type": "Point", "coordinates": [102.4512, 3.384]}, "properties": {"district": "Bera"}}, {"type": "Feature", "geometry": {"type": "Point", "coordinates": [101.8054, 3.7723]}, "properties": {"district": "Raub"}}, {"type": "Feature", "geometry": {"type": "Point", "coordinates": [102.4344, 3.5558]}, "properties": {"district": "Temerloh"}}, {"type": "Feature", "geometry": {"type": "Point", "coordinates": [103.4491, 2.6784]}, "properties": {"district": "Rompin"}}, {"type": "Feature", "geometry": {"type": "Point", "coordinates": [103.3089, 2.8657]}, "properties": {"district": "Rompin"}}, {"type": "Feature", "geometry": {"type": "Point", "coordinates": [103.2334, 2.9813]}, "properties": {"district": "Rompin"}}, {"type": "Feature", "geometry": {"type": "Point", "coordinates": [102.5238, 3.4112]}, "properties": {"district": "Temerloh"}}, {"type": "Feature", "geometry": {"type": "Point", "coordinates": [102.7065, 3.7166]}, "properties": {"district": "Maran"}}, {"type": "Feature", "geometry": {"type": "Point", "coordinates": [102.2175, 3.9296]}, "properties": {"district": "Jerantut"}}, {"type": "Feature", "geometry": {"type": "Point", "coordinates": [103.3299, 3.8694]}, "properties": {"district": "Kuantan"}}, {"type": "Feature", "geometry": {"type": "Point", "coordinates": [101.8549, 3.7063]}, "properties": {"district": "Raub"}}, {"type": "Feature", "geometry": {"type": "Point", "coordinates": [102.3974, 3.4825]}, "properties": {"district": "Temerloh"}}, {"type": "Feature", "geometry": {"type": "Point", "coordinates": [103.5251, 2.7453]}, "properties": {"district": "Rompin"}}, {"type": "Feature", "geometry": {"type": "Point", "coordinates": [103.2833, 3.8075]}, "properties": {"district": "Kuantan"}}, {"type": "Feature", "geometry": {"type": "Point", "coordinates": [103.2362, 3.7695]}, "properties": {"district": "Kuantan"}}, {"type": "Feature", "geometry": {"type": "Point", "coordinates": [102.7904, 3.5259]}, "properties": {"district": "Maran"}}, {"type": "Feature", "geometry": {"type": "Point", "coordinates": [103.2743, 3.5197]}, "properties": {"district": "Pekan"}}, {"type": "Feature", "geometry": {"type": "Point", "coordinates": [102.5381, 3.42]}, "properties": {"district": "Temerloh"}}, {"type": "Feature", "geometry": {"type": "Point", "coordinates": [102.5886, 3.3901]}, "properties": {"district": "Bera"}}, {"type": "Feature", "geometry": {"type": "Point", "coordinates": [102.097, 4.2064]}, "properties": {"district": "Kuala Lipis"}}, {"type": "Feature", "geometry": {"type": "Point", "coordinates": [101.8725, 4.2965]}, "properties": {"district": "Kuala Lipis"}}, {"type": "Feature", "geometry": {"type": "Point", "coordinates": [102.4313, 3.7916]}, "properties": {"district": "Jerantut"}}, {"type": "Feature", "geometry": {"type": "Point", "coordinates": [102.7764, 3.6669]}, "properties": {"district": "Maran"}}, {"type": "Feature", "geometry": {"type": "Point", "coordinates": [102.4127, 3.2998]}, "properties": {"district": "Bera"}}, {"type": "Feature", "geometry": {"type": "Point", "coordinates": [101.9061, 3.4601]}, "properties": {"district": "Bentong"}}, {"type": "Feature", "geometry": {"type": "Point", "coordinates": [102.7592, 3.6211]}, "properties": {"district": "Maran"}}, {"type": "Feature", "geometry": {"type": "Point", "coordinates": [102.732, 3.7654]}, "properties": {"district": "Maran"}}, {"type": "Feature", "geometry": {"type": "Point", "coordinates": [102.8731, 3.72]}, "properties": {"district": "Maran"}}, {"type": "Feature", "geometry": {"type": "Point", "coordinates": [102.337, 3.6174]}, "properties": {"district": "Temerloh"}}, {"type": "Feature", "geometry": {"type": "Point", "coordinates": [102.0174, 3.2956]}, "properties": {"district": "Bentong"}}, {"type": "Feature", "geometry": {"type": "Point", "coordinates": [102.4627, 3.5785]}, "properties": {"district": "Temerloh"}}, {"type": "Feature", "geometry": {"type": "Point", "coordinates": [102.7464, 3.4346]}, "properties": {"district": "Maran"}}, {"type": "Feature", "geometry": {"type": "Point", "coordinates": [102.4141, 3.5314]}, "properties": {"district": "Temerloh"}}, {"type": "Feature", "geometry": {"type": "Point", "coordinates": [102.7948, 3.5508]}, "properties": {"district": "Maran"}}, {"type": "Feature", "geometry": {"type": "Point", "coordinates": [103.3254, 2.7953]}, "properties": {"district": "Rompin"}}, {"type": "Feature", "geometry": {"type": "Point", "coordinates": [102.3818, 3.5614]}, "properties": {"district": "Temerloh"}}, {"type": "Feature", "geometry": {"type": "Point", "coordinates": [102.57, 3.1276]}, "properties": {"district": "Bera"}}, {"type": "Feature", "geometry": {"type": "Point", "coordinates": [102.9593, 3.6922]}, "properties": {"district": "Maran"}}, {"type": "Feature", "geometry": {"type": "Point", "coordinates": [102.7748, 3.4673]}, "properties": {"district": "Maran"}}, {"type": "Feature", "geometry": {"type": "Point", "coordinates": [102.4274, 3.3639]}, "properties": {"district": "Temerloh"}}, {"type": "Feature", "geometry": {"type": "Point", "coordinates": [103.2986, 3.7316]}, "properties": {"district": "Kuantan"}}, {"type": "Feature", "geometry": {"type": "Point", "coordinates": [103.267, 3.7616]}, "properties": {"district": "Kuantan"}}, {"type": "Feature", "geometry": {"type": "Point", "coordinates": [102.3778, 3.551]}, "properties": {"district": "Temerloh"}}, {"type": "Feature", "geometry": {"type": "Point", "coordinates": [102.357, 3.4078]}, "properties": {"district": "Temerloh"}}, {"type": "Feature", "geometry": {"type": "Point", "coordinates": [102.6788, 3.6159]}, "properties": {"district": "Maran"}}, {"type": "Feature", "geometry": {"type": "Point", "coordinates": [101.9199, 3.545]}, "properties": {"district": "Bentong"}}, {"type": "Feature", "geometry": {"type": "Point", "coordinates": [103.3008, 3.858]}, "properties": {"district": "Kuantan"}}, {"type": "Feature", "geometry": {"type": "Point", "coordinates": [103.4216, 2.8009]}, "properties": {"district": "Rompin"}}, {"type": "Feature", "geometry": {"type": "Point", "coordinates": [103.4273, 3.0532]}, "properties": {"district": "Rompin"}}, {"type": "Feature", "geometry": {"type": "Point", "coordinates": [102.0606, 3.4603]}, "properties": {"district": "Bentong"}}, {"type": "Feature", "geometry": {"type": "Point", "coordinates": [102.0735, 4.0037]}, "properties": {"district": "Kuala Lipis"}}, {"type": "Feature", "geometry": {"type": "Point", "coordinates": [101.3999, 4.5128]}, "properties": {"district": "Cameron Highlands"}}, {"type": "Feature", "geometry": {"type": "Point", "coordinates": [102.8018, 3.6186]}, "properties": {"district": "Maran"}}, {"type": "Feature", "geometry": {"type": "Point", "coordinates": [101.9145, 3.472]}, "properties": {"district": "Bentong"}}, {"type": "Feature", "geometry": {"type": "Point", "coordinates": [102.3349, 3.496]}, "properties": {"district": "Temerloh"}}, {"type": "Feature", "geometry": {"type": "Point", "coordinates": [103.2288, 3.7719]}, "properties": {"district": "Kuantan"}}, {"type": "Feature", "geometry": {"type": "Point", "coordinates": [101.8202, 3.4127]}, "properties": {"district": "Bentong"}}, {"type": "Feature", "geometry": {"type": "Point", "coordinates": [101.966, 3.4919]}, "properties": {"district": "Bentong"}}, {"type": "Feature", "geometry": {"type": "Point", "coordinates": [102.188, 4.2419]}, "properties": {"district": "Kuala Lipis"}}, {"type": "Feature", "geometry": {"type": "Point", "coordinates": [103.5283, 2.5999]}, "properties": {"district": "Rompin"}}, {"type": "Feature", "geometry": {"type": "Point", "coordinates": [103.3806, 2.7925]}, "properties": {"district": "Rompin"}}, {"type": "Feature", "geometry": {"type": "Point", "coordinates": [103.465, 2.5449]}, "properties": {"district": "Rompin"}}, {"type": "Feature", "geometry": {"type": "Point", "coordinates": [102.6792, 3.5684]}, "properties": {"district": "Maran"}}, {"type": "Feature", "geometry": {"type": "Point", "coordinates": [103.2719, 3.885]}, "properties": {"district": "Kuantan"}}, {"type": "Feature", "geometry": {"type": "Point", "coordinates": [102.4143, 3.9389]}, "properties": {"district": "Jerantut"}}, {"type": "Feature", "geometry": {"type": "Point", "coordinates": [102.344, 3.8773]}, "properties": {"district": "Jerantut"}}, {"type": "Feature", "geometry": {"type": "Point", "coordinates": [102.6459, 3.7802]}, "properties": {"district": "Jerantut"}}, {"type": "Feature", "geometry": {"type": "Point", "coordinates": [102.6977, 3.6488]}, "properties": {"district": "Maran"}}, {"type": "Feature", "geometry": {"type": "Point", "coordinates": [102.4467, 3.3377]}, "properties": {"district": "Temerloh"}}, {"type": "Feature", "geometry": {"type": "Point", "coordinates": [102.1166, 4.1869]}, "properties": {"district": "Kuala Lipis"}}, {"type": "Feature", "geometry": {"type": "Point", "coordinates": [102.3156, 3.5185]}, "properties": {"district": "Temerloh"}}, {"type": "Feature", "geometry": {"type": "Point", "coordinates": [102.2263, 3.6759]}, "properties": {"district": "Temerloh"}}, {"type": "Feature", "geometry": {"type": "Point", "coordinates": [102.2171, 3.3206]}, "properties": {"district": "Temerloh"}}, {"type": "Feature", "geometry": {"type": "Point", "coordinates": [102.7498, 3.8649]}, "properties": {"district": "Maran"}}, {"type": "Feature", "geometry": {"type": "Point", "coordinates": [102.4285, 3.5448]}, "properties": {"district": "Temerloh"}}, {"type": "Feature", "geometry": {"type": "Point", "coordinates": [103.1389, 3.7977]}, "properties": {"district": "Kuantan"}}, {"type": "Feature", "geometry": {"type": "Point", "coordinates": [101.8413, 3.5109]}, "properties": {"district": "Bentong"}}, {"type": "Feature", "geometry": {"type": "Point", "coordinates": [103.4132, 3.496]}, "properties": {"district": "Pekan"}}, {"type": "Feature", "geometry": {"type": "Point", "coordinates": [103.4572, 2.7231]}, "properties": {"district": "Rompin"}}, {"type": "Feature", "geometry": {"type": "Point", "coordinates": [103.52, 2.6004]}, "properties": {"district": "Rompin"}}, {"type": "Feature", "geometry": {"type": "Point", "coordinates": [102.5593, 3.5044]}, "properties": {"district": "Temerloh"}}, {"type": "Feature", "geometry": {"type": "Point", "coordinates": [102.3703, 3.3524]}, "properties": {"district": "Temerloh"}}, {"type": "Feature", "geometry": {"type": "Point", "coordinates": [103.428, 2.8738]}, "properties": {"district": "Rompin"}}, {"type": "Feature", "geometry": {"type": "Point", "coordinates": [103.4363, 2.8212]}, "properties": {"district": "Rompin"}}, {"type": "Feature", "geometry": {"type": "Point", "coordinates": [101.4586, 4.4247]}, "properties": {"district": "Cameron Highlands"}}, {"type": "Feature", "geometry": {"type": "Point", "coordinates": [102.3761, 3.2727]}, "properties": {"district": "Temerloh"}}, {"type": "Feature", "geometry": {"type": "Point", "coordinates": [103.3496, 2.9136]}, "properties": {"district": "Rompin"}}, {"type": "Feature", "geometry": {"type": "Point", "coordinates": [103.2275, 3.4629]}, "properties": {"district": "Pekan"}}, {"type": "Feature", "geometry": {"type": "Point", "coordinates": [103.5119, 2.7771]}, "properties": {"district": "Rompin"}}, {"type": "Feature", "geometry": {"type": "Point", "coordinates": [102.7382, 3.5272]}, "properties": {"district": "Maran"}}, {"type": "Feature", "geometry": {"type": "Point", "coordinates": [101.9552, 3.6811]}, "properties": {"district": "Raub"}}, {"type": "Feature", "geometry": {"type": "Point", "coordinates": [102.4481, 3.3212]}, "properties": {"district": "Temerloh"}}, {"type": "Feature", "geometry": {"type": "Point", "coordinates": [101.8274, 3.5299]}, "properties": {"district": "Bentong"}}, {"type": "Feature", "geometry": {"type": "Point", "coordinates": [103.323, 2.8685]}, "properties": {"district": "Rompin"}}, {"type": "Feature", "geometry": {"type": "Point", "coordinates": [102.379, 3.3393]}, "properties": {"district": "Temerloh"}}, {"type": "Feature", "geometry": {"type": "Point", "coordinates": [101.9375, 3.826]}, "properties": {"district": "Raub"}}, {"type": "Feature", "geometry": {"type": "Point", "coordinates": [102.725, 3.678]}, "properties": {"district": "Maran"}}, {"type": "Feature", "geometry": {"type": "Point", "coordinates": [102.5483, 3.2867]}, "properties": {"district": "Bera"}}, {"type": "Feature", "geometry": {"type": "Point", "coordinates": [102.2528, 3.9176]}, "properties": {"district": "Jerantut"}}, {"type": "Feature", "geometry": {"type": "Point", "coordinates": [103.3889, 2.9783]}, "properties": {"district": "Rompin"}}, {"type": "Feature", "geometry": {"type": "Point", "coordinates": [102.4552, 3.4587]}, "properties": {"district": "Temerloh"}}, {"type": "Feature", "geometry": {"type": "Point", "coordinates": [103.2545, 3.7889]}, "properties": {"district": "Kuantan"}}, {"type": "Feature", "geometry": {"type": "Point", "coordinates": [103.4078, 3.591]}, "properties": {"district": "Pekan"}}, {"type": "Feature", "geometry": {"type": "Point", "coordinates": [101.7691, 3.8416]}, "properties": {"district": "Raub"}}, {"type": "Feature", "geometry": {"type": "Point", "coordinates": [103.3711, 2.8124]}, "properties": {"district": "Rompin"}}, {"type": "Feature", "geometry": {"type": "Point", "coordinates": [102.3458, 3.4709]}, "properties": {"district": "Temerloh"}}, {"type": "Feature", "geometry": {"type": "Point", "coordinates": [102.3539, 3.3733]}, "properties": {"district": "Temerloh"}}, {"type": "Feature", "geometry": {"type": "Point", "coordinates": [103.2831, 3.7951]}, "properties": {"district": "Kuantan"}}, {"type": "Feature", "geometry": {"type": "Point", "coordinates": [102.4529, 3.5845]}, "properties": {"district": "Temerloh"}}, {"type": "Feature", "geometry": {"type": "Point", "coordinates": [102.9343, 3.7082]}, "properties": {"district": "Maran"}}, {"type": "Feature", "geometry": {"type": "Point", "coordinates": [102.7367, 3.5597]}, "properties": {"district": "Maran"}}, {"type": "Feature", "geometry": {"type": "Point", "coordinates": [102.1302, 4.2333]}, "properties": {"district": "Kuala Lipis"}}, {"type": "Feature", "geometry": {"type": "Point", "coordinates": [103.1886, 3.7198]}, "properties": {"district": "Kuantan"}}, {"type": "Feature", "geometry": {"type": "Point", "coordinates": [102.4196, 3.4615]}, "properties": {"district": "Temerloh"}}, {"type": "Feature", "geometry": {"type": "Point", "coordinates": [103.43, 2.8718]}, "properties": {"district": "Rompin"}}, {"type": "Feature", "geometry": {"type": "Point", "coordinates": [101.4101, 4.4638]}, "properties": {"district": "Cameron Highlands"}}, {"type": "Feature", "geometry": {"type": "Point", "coordinates": [101.9874, 4.4048]}, "properties": {"district": "Kuala Lipis"}}, {"type": "Feature", "geometry": {"type": "Point", "coordinates": [103.216, 3.8105]}, "properties": {"district": "Kuantan"}}, {"type": "Feature", "geometry": {"type": "Point", "coordinates": [102.7197, 3.6164]}, "properties": {"district": "Maran"}}, {"type": "Feature", "geometry": {"type": "Point", "coordinates": [102.3873, 3.4419]}, "properties": {"district": "Temerloh"}}, {"type": "Feature", "geometry": {"type": "Point", "coordinates": [103.2749, 3.8435]}, "properties": {"district": "Kuantan"}}, {"type": "Feature", "geometry": {"type": "Point", "coordinates": [103.3558, 2.8267]}, "properties": {"district": "Rompin"}}, {"type": "Feature", "geometry": {"type": "Point", "coordinates": [103.4328, 3.5146]}, "properties": {"district": "Pekan"}}, {"type": "Feature", "geometry": {"type": "Point", "coordinates": [102.3347, 3.4581]}, "properties": {"district": "Temerloh"}}, {"type": "Feature", "geometry": {"type": "Point", "coordinates": [102.7218, 3.7291]}, "properties": {"district": "Maran"}}, {"type": "Feature", "geometry": {"type": "Point", "coordinates": [101.9173, 3.8298]}, "properties": {"district": "Raub"}}, {"type": "Feature", "geometry": {"type": "Point", "coordinates": [103.3593, 2.846]}, "properties": {"district": "Rompin"}}, {"type": "Feature", "geometry": {"type": "Point", "coordinates": [101.8265, 3.4691]}, "properties": {"district": "Bentong"}}, {"type": "Feature", "geometry": {"type": "Point", "coordinates": [102.3737, 3.298]}, "properties": {"district": "Temerloh"}}, {"type": "Feature", "geometry": {"type": "Point", "coordinates": [101.8927, 3.7852]}, "properties": {"district": "Raub"}}, {"type": "Feature", "geometry": {"type": "Point", "coordinates": [102.4357, 3.3564]}, "properties": {"district": "Temerloh"}}, {"type": "Feature", "geometry": {"type": "Point", "coordinates": [101.9243, 3.6965]}, "properties": {"district": "Bentong"}}, {"type": "Feature", "geometry": {"type": "Point", "coordinates": [102.7609, 3.6675]}, "properties": {"district": "Maran"}}, {"type": "Feature", "geometry": {"type": "Point", "coordinates": [101.8867, 3.7216]}, "properties": {"district": "Bentong"}}, {"type": "Feature", "geometry": {"type": "Point", "coordinates": [102.3943, 3.4417]}, "properties": {"district": "Temerloh"}}, {"type": "Feature", "geometry": {"type": "Point", "coordinates": [103.4234, 2.5783]}, "properties": {"district": "Rompin"}}, {"type": "Feature", "geometry": {"type": "Point", "coordinates": [103.3429, 3.4279]}, "properties": {"district": "Pekan"}}, {"type": "Feature", "geometry": {"type": "Point", "coordinates": [103.4956, 2.6376]}, "properties": {"district": "Rompin"}}, {"type": "Feature", "geometry": {"type": "Point", "coordinates": [102.4638, 3.219]}, "properties": {"district": "Bera"}}, {"type": "Feature", "geometry": {"type": "Point", "coordinates": [102.5819, 3.4283]}, "properties": {"district": "Temerloh"}}, {"type": "Feature", "geometry": {"type": "Point", "coordinates": [103.2927, 3.8165]}, "properties": {"district": "Kuantan"}}, {"type": "Feature", "geometry": {"type": "Point", "coordinates": [102.3632, 3.7119]}, "properties": {"district": "Jerantut"}}, {"type": "Feature", "geometry": {"type": "Point", "coordinates": [103.4119, 2.9247]}, "properties": {"district": "Rompin"}}, {"type": "Feature", "geometry": {"type": "Point", "coordinates": [101.8954, 3.913]}, "properties": {"district": "Raub"}}, {"type": "Feature", "geometry": {"type": "Point", "coordinates": [102.6894, 4.1792]}, "properties": {"district": "Kuantan"}}, {"type": "Feature", "geometry": {"type": "Point", "coordinates": [102.7484, 3.6022]}, "properties": {"district": "Maran"}}, {"type": "Feature", "geometry": {"type": "Point", "coordinates": [102.6746, 3.4847]}, "properties": {"district": "Maran"}}, {"type": "Feature", "geometry": {"type": "Point", "coordinates": [102.2969, 3.4967]}, "properties": {"district": "Temerloh"}}, {"type": "Feature", "geometry": {"type": "Point", "coordinates": [102.346, 3.3483]}, "properties": {"district": "Temerloh"}}, {"type": "Feature", "geometry": {"type": "Point", "coordinates": [102.8018, 3.7254]}, "properties": {"district": "Maran"}}, {"type": "Feature", "geometry": {"type": "Point", "coordinates": [103.4157, 2.6519]}, "properties": {"district": "Rompin"}}, {"type": "Feature", "geometry": {"type": "Point", "coordinates": [101.378, 4.4832]}, "properties": {"district": "Cameron Highlands"}}, {"type": "Feature", "geometry": {"type": "Point", "coordinates": [103.4111, 3.5289]}, "properties": {"district": "Pekan"}}, {"type": "Feature", "geometry": {"type": "Point", "coordinates": [102.3479, 3.4376]}, "properties": {"district": "Temerloh"}}, {"type": "Feature", "geometry": {"type": "Point", "coordinates": [102.1647, 4.2543]}, "properties": {"district": "Rompin"}}, {"type": "Feature", "geometry": {"type": "Point", "coordinates": [102.3602, 3.4692]}, "properties": {"district": "Temerloh"}}, {"type": "Feature", "geometry": {"type": "Point", "coordinates": [103.2821, 2.7566]}, "properties": {"district": "Rompin"}}, {"type": "Feature", "geometry": {"type": "Point", "coordinates": [102.7076, 3.6341]}, "properties": {"district": "Maran"}}, {"type": "Feature", "geometry": {"type": "Point", "coordinates": [102.0921, 4.0886]}, "properties": {"district": "Kuala Lipis"}}, {"type": "Feature", "geometry": {"type": "Point", "coordinates": [102.3351, 3.434]}, "properties": {"district": "Temerloh"}}, {"type": "Feature", "geometry": {"type": "Point", "coordinates": [102.4883, 3.3829]}, "properties": {"district": "Temerloh"}}, {"type": "Feature", "geometry": {"type": "Point", "coordinates": [101.8688, 3.7807]}, "properties": {"district": "Raub"}}, {"type": "Feature", "geometry": {"type": "Point", "coordinates": [102.2854, 3.9157]}, "properties": {"district": "Jerantut"}}, {"type": "Feature", "geometry": {"type": "Point", "coordinates": [101.4549, 4.5286]}, "properties": {"district": "Cameron Highlands"}}, {"type": "Feature", "geometry": {"type": "Point", "coordinates": [103.3662, 3.4189]}, "properties": {"district": "Pekan"}}, {"type": "Feature", "geometry": {"type": "Point", "coordinates": [101.9115, 3.6717]}, "properties": {"district": "Bentong"}}, {"type": "Feature", "geometry": {"type": "Point", "coordinates": [103.2267, 3.714]}, "properties": {"district": "Kuantan"}}, {"type": "Feature", "geometry": {"type": "Point", "coordinates": [101.8113, 3.8771]}, "properties": {"district": "Raub"}}, {"type": "Feature", "geometry": {"type": "Point", "coordinates": [102.5104, 3.224]}, "properties": {"district": "Temerloh"}}, {"type": "Feature", "geometry": {"type": "Point", "coordinates": [102.8345, 3.5845]}, "properties": {"district": "Maran"}}, {"type": "Feature", "geometry": {"type": "Point", "coordinates": [102.3469, 3.602]}, "properties": {"district": "Temerloh"}}, {"type": "Feature", "geometry": {"type": "Point", "coordinates": [102.3683, 3.4115]}, "properties": {"district": "Temerloh"}}, {"type": "Feature", "geometry": {"type": "Point", "coordinates": [102.4535, 3.5086]}, "properties": {"district": "Temerloh"}}, {"type": "Feature", "geometry": {"type": "Point", "coordinates": [103.2959, 3.6891]}, "properties": {"district": "Kuantan"}}, {"type": "Feature", "geometry": {"type": "Point", "coordinates": [101.9267, 3.8014]}, "properties": {"district": "Raub"}}, {"type": "Feature", "geometry": {"type": "Point", "coordinates": [103.1842, 3.7025]}, "properties": {"district": "Kuantan"}}, {"type": "Feature", "geometry": {"type": "Point", "coordinates": [102.3312, 3.249]}, "properties": {"district": "Bera"}}, {"type": "Feature", "geometry": {"type": "Point", "coordinates": [103.3045, 3.6944]}, "properties": {"district": "Pekan"}}, {"type": "Feature", "geometry": {"type": "Point", "coordinates": [102.3932, 3.5277]}, "properties": {"district": "Temerloh"}}, {"type": "Feature", "geometry": {"type": "Point", "coordinates": [103.3179, 3.7495]}, "properties": {"district": "Kuantan"}}, {"type": "Feature", "geometry": {"type": "Point", "coordinates": [103.3875, 3.3994]}, "properties": {"district": "Pekan"}}, {"type": "Feature", "geometry": {"type": "Point", "coordinates": [102.3315, 3.5372]}, "properties": {"district": "Temerloh"}}, {"type": "Feature", "geometry": {"type": "Point", "coordinates": [103.1747, 3.8045]}, "properties": {"district": "Kuantan"}}, {"type": "Feature", "geometry": {"type": "Point", "coordinates": [101.8706, 3.4077]}, "properties": {"district": "Bentong"}}, {"type": "Feature", "geometry": {"type": "Point", "coordinates": [102.4648, 3.7885]}, "properties": {"district": "Jerantut"}}, {"type": "Feature", "geometry": {"type": "Point", "coordinates": [102.4955, 3.4577]}, "properties": {"district": "Temerloh"}}, {"type": "Feature", "geometry": {"type": "Point", "coordinates": [102.5442, 3.3576]}, "properties": {"district": "Temerloh"}}, {"type": "Feature", "geometry": {"type": "Point", "coordinates": [103.1771, 3.9805]}, "properties": {"district": "Kuantan"}}, {"type": "Feature", "geometry": {"type": "Point", "coordinates": [102.2321, 3.8883]}, "properties": {"district": "Jerantut"}}, {"type": "Feature", "geometry": {"type": "Point", "coordinates": [102.3928, 3.3637]}, "properties": {"district": "Temerloh"}}, {"type": "Feature", "geometry": {"type": "Point", "coordinates": [101.9202, 3.8272]}, "properties": {"district": "Raub"}}, {"type": "Feature", "geometry": {"type": "Point", "coordinates": [101.8825, 3.5639]}, "properties": {"district": "Bentong"}}, {"type": "Feature", "geometry": {"type": "Point", "coordinates": [103.3917, 2.7148]}, "properties": {"district": "Rompin"}}, {"type": "Feature", "geometry": {"type": "Point", "coordinates": [102.0104, 4.2131]}, "properties": {"district": "Kuala Lipis"}}, {"type": "Feature", "geometry": {"type": "Point", "coordinates": [101.8192, 3.5855]}, "properties": {"district": "Bentong"}}, {"type": "Feature", "geometry": {"type": "Point", "coordinates": [102.2687, 3.9144]}, "properties": {"district": "Jerantut"}}, {"type": "Feature", "geometry": {"type": "Point", "coordinates": [102.4188, 3.8507]}, "properties": {"district": "Jerantut"}}, {"type": "Feature", "geometry": {"type": "Point", "coordinates": [103.5428, 2.728]}, "properties": {"district": "Rompin"}}, {"type": "Feature", "geometry": {"type": "Point", "coordinates": [102.5301, 3.491]}, "properties": {"district": "Temerloh"}}, {"type": "Feature", "geometry": {"type": "Point", "coordinates": [102.011, 4.127]}, "properties": {"district": "Kuala Lipis"}}, {"type": "Feature", "geometry": {"type": "Point", "coordinates": [102.505, 3.3063]}, "properties": {"district": "Temerloh"}}, {"type": "Feature", "geometry": {"type": "Point", "coordinates": [101.9123, 4.323]}, "properties": {"district": "Kuala Lipis"}}, {"type": "Feature", "geometry": {"type": "Point", "coordinates": [102.4795, 3.5639]}, "properties": {"district": "Temerloh"}}, {"type": "Feature", "geometry": {"type": "Point", "coordinates": [101.8682, 3.7419]}, "properties": {"district": "Raub"}}, {"type": "Feature", "geometry": {"type": "Point", "coordinates": [102.3984, 4.1395]}, "properties": {"district": "Jerantut"}}, {"type": "Feature", "geometry": {"type": "Point", "coordinates": [103.4036, 3.0576]}, "properties": {"district": "Rompin"}}, {"type": "Feature", "geometry": {"type": "Point", "coordinates": [103.4202, 2.7291]}, "properties": {"district": "Rompin"}}, {"type": "Feature", "geometry": {"type": "Point", "coordinates": [103.2095, 3.7822]}, "properties": {"district": "Kuantan"}}, {"type": "Feature", "geometry": {"type": "Point", "coordinates": [102.026, 3.5029]}, "properties": {"district": "Bentong"}}, {"type": "Feature", "geometry": {"type": "Point", "coordinates": [102.4966, 3.4867]}, "properties": {"district": "Temerloh"}}, {"type": "Feature", "geometry": {"type": "Point", "coordinates": [101.818, 3.4479]}, "properties": {"district": "Bentong"}}, {"type": "Feature", "geometry": {"type": "Point", "coordinates": [103.4132, 2.6987]}, "properties": {"district": "Rompin"}}, {"type": "Feature", "geometry": {"type": "Point", "coordinates": [101.4364, 4.5179]}, "properties": {"district": "Cameron Highlands"}}, {"type": "Feature", "geometry": {"type": "Point", "coordinates": [102.843, 3.5974]}, "properties": {"district": "Maran"}}, {"type": "Feature", "geometry": {"type": "Point", "coordinates": [101.9773, 3.4574]}, "properties": {"district": "Bentong"}}, {"type": "Feature", "geometry": {"type": "Point", "coordinates": [102.3547, 3.6165]}, "properties": {"district": "Temerloh"}}, {"type": "Feature", "geometry": {"type": "Point", "coordinates": [102.5939, 3.3852]}, "properties": {"district": "Temerloh"}}, {"type": "Feature", "geometry": {"type": "Point", "coordinates": [102.3618, 4.0593]}, "properties": {"district": "Jerantut"}}, {"type": "Feature", "geometry": {"type": "Point", "coordinates": [103.2882, 3.6936]}, "properties": {"district": "Kuantan"}}, {"type": "Feature", "geometry": {"type": "Point", "coordinates": [101.9582, 3.4809]}, "properties": {"district": "Bentong"}}, {"type": "Feature", "geometry": {"type": "Point", "coordinates": [102.1591, 4.1302]}, "properties": {"district": "Kuala Lipis"}}, {"type": "Feature", "geometry": {"type": "Point", "coordinates": [103.3029, 3.7722]}, "properties": {"district": "Kuantan"}}, {"type": "Feature", "geometry": {"type": "Point", "coordinates": [103.434, 2.7637]}, "properties": {"district": "Rompin"}}, {"type": "Feature", "geometry": {"type": "Point", "coordinates": [103.483, 2.8098]}, "properties": {"district": "Rompin"}}, {"type": "Feature", "geometry": {"type": "Point", "coordinates": [102.4085, 3.3765]}, "properties": {"district": "Temerloh"}}, {"type": "Feature", "geometry": {"type": "Point", "coordinates": [101.9069, 3.8678]}, "properties": {"district": "Raub"}}, {"type": "Feature", "geometry": {"type": "Point", "coordinates": [102.4448, 4.1451]}, "properties": {"district": "Jerantut"}}, {"type": "Feature", "geometry": {"type": "Point", "coordinates": [101.8382, 3.6237]}, "properties": {"district": "Raub"}}, {"type": "Feature", "geometry": {"type": "Point", "coordinates": [102.5076, 3.5225]}, "properties": {"district": "Temerloh"}}, {"type": "Feature", "geometry": {"type": "Point", "coordinates": [102.6447, 3.6422]}, "properties": {"district": "Maran"}}, {"type": "Feature", "geometry": {"type": "Point", "coordinates": [103.2348, 2.7674]}, "properties": {"district": "Rompin"}}, {"type": "Feature", "geometry": {"type": "Point", "coordinates": [102.0008, 4.1472]}, "properties": {"district": "Kuala Lipis"}}, {"type": "Feature", "geometry": {"type": "Point", "coordinates": [102.1742, 4.2959]}, "properties": {"district": "Kuala Lipis"}}, {"type": "Feature", "geometry": {"type": "Point", "coordinates": [102.4521, 3.4529]}, "properties": {"district": "Temerloh"}}, {"type": "Feature", "geometry": {"type": "Point", "coordinates": [101.8839, 3.8905]}, "properties": {"district": "Raub"}}, {"type": "Feature", "geometry": {"type": "Point", "coordinates": [102.4895, 3.1693]}, "properties": {"district": "Bera"}}, {"type": "Feature", "geometry": {"type": "Point", "coordinates": [102.478, 3.518]}, "properties": {"district": "Temerloh"}}, {"type": "Feature", "geometry": {"type": "Point", "coordinates": [102.0469, 3.4446]}, "properties": {"district": "Bentong"}}, {"type": "Feature", "geometry": {"type": "Point", "coordinates": [102.4823, 3.3784]}, "properties": {"district": "Temerloh"}}, {"type": "Feature", "geometry": {"type": "Point", "coordinates": [103.5166, 2.5928]}, "properties": {"district": "Rompin"}}, {"type": "Feature", "geometry": {"type": "Point", "coordinates": [101.7919, 3.8163]}, "properties": {"district": "Raub"}}, {"type": "Feature", "geometry": {"type": "Point", "coordinates": [103.4103, 2.8756]}, "properties": {"district": "Rompin"}}, {"type": "Feature", "geometry": {"type": "Point", "coordinates": [102.0774, 4.1758]}, "properties": {"district": "Kuala Lipis"}}, {"type": "Feature", "geometry": {"type": "Point", "coordinates": [103.3313, 3.4793]}, "properties": {"district": "Pekan"}}, {"type": "Feature", "geometry": {"type": "Point", "coordinates": [102.8952, 3.6729]}, "properties": {"district": "Maran"}}, {"type": "Feature", "geometry": {"type": "Point", "coordinates": [102.0239, 4.2331]}, "properties": {"district": "Kuala Lipis"}}, {"type": "Feature", "geometry": {"type": "Point", "coordinates": [103.1941, 3.8259]}, "properties": {"district": "Kuantan"}}, {"type": "Feature", "geometry": {"type": "Point", "coordinates": [103.5441, 2.7339]}, "properties": {"district": "Rompin"}}, {"type": "Feature", "geometry": {"type": "Point", "coordinates": [103.1925, 3.6944]}, "properties": {"district": "Kuantan"}}, {"type": "Feature", "geometry": {"type": "Point", "coordinates": [103.1534, 3.4364]}, "properties": {"district": "Pekan"}}, {"type": "Feature", "geometry": {"type": "Point", "coordinates": [102.4056, 3.4114]}, "properties": {"district": "Temerloh"}}, {"type": "Feature", "geometry": {"type": "Point", "coordinates": [103.3035, 3.7001]}, "properties": {"district": "Kuantan"}}, {"type": "Feature", "geometry": {"type": "Point", "coordinates": [102.5041, 3.9296]}, "properties": {"district": "Jerantut"}}, {"type": "Feature", "geometry": {"type": "Point", "coordinates": [102.4897, 3.3399]}, "properties": {"district": "Temerloh"}}, {"type": "Feature", "geometry": {"type": "Point", "coordinates": [102.37, 3.4154]}, "properties": {"district": "Temerloh"}}, {"type": "Feature", "geometry": {"type": "Point", "coordinates": [103.3735, 2.6147]}, "properties": {"district": "Rompin"}}, {"type": "Feature", "geometry": {"type": "Point", "coordinates": [103.2457, 3.6872]}, "properties": {"district": "Kuantan"}}, {"type": "Feature", "geometry": {"type": "Point", "coordinates": [103.1915, 3.8571]}, "properties": {"district": "Kuantan"}}, {"type": "Feature", "geometry": {"type": "Point", "coordinates": [103.2747, 3.4587]}, "properties": {"district": "Pekan"}}, {"type": "Feature", "geometry": {"type": "Point", "coordinates": [102.9844, 3.2635]}, "properties": {"district": "Jerantut"}}, {"type": "Feature", "geometry": {"type": "Point", "coordinates": [103.2874, 3.7397]}, "properties": {"district": "Kuantan"}}, {"type": "Feature", "geometry": {"type": "Point", "coordinates": [102.4971, 3.2849]}, "properties": {"district": "Temerloh"}}, {"type": "Feature", "geometry": {"type": "Point", "coordinates": [102.1598, 4.0053]}, "properties": {"district": "Jerantut"}}, {"type": "Feature", "geometry": {"type": "Point", "coordinates": [101.7773, 3.8089]}, "properties": {"district": "Raub"}}, {"type": "Feature", "geometry": {"type": "Point", "coordinates": [103.2134, 3.7895]}, "properties": {"district": "Kuantan"}}, {"type": "Feature", "geometry": {"type": "Point", "coordinates": [103.3187, 3.5355]}, "properties": {"district": "Pekan"}}, {"type": "Feature", "geometry": {"type": "Point", "coordinates": [101.88, 3.5169]}, "properties": {"district": "Bentong"}}, {"type": "Feature", "geometry": {"type": "Point", "coordinates": [102.4703, 3.3622]}, "properties": {"district": "Temerloh"}}, {"type": "Feature", "geometry": {"type": "Point", "coordinates": [102.397, 3.5358]}, "properties": {"district": "Temerloh"}}, {"type": "Feature", "geometry": {"type": "Point", "coordinates": [102.5663, 3.1898]}, "properties": {"district": "Bera"}}, {"type": "Feature", "geometry": {"type": "Point", "coordinates": [102.3613, 3.4622]}, "properties": {"district": "Temerloh"}}, {"type": "Feature", "geometry": {"type": "Point", "coordinates": [102.5326, 3.9428]}, "properties": {"district": "Jerantut"}}, {"type": "Feature", "geometry": {"type": "Point", "coordinates": [102.4116, 3.4228]}, "properties": {"district": "Temerloh"}}, {"type": "Feature", "geometry": {"type": "Point", "coordinates": [102.2784, 3.5222]}, "properties": {"district": "Temerloh"}}, {"type": "Feature", "geometry": {"type": "Point", "coordinates": [103.3227, 3.7806]}, "properties": {"district": "Kuantan"}}, {"type": "Feature", "geometry": {"type": "Point", "coordinates": [102.4185, 3.4907]}, "properties": {"district": "Temerloh"}}, {"type": "Feature", "geometry": {"type": "Point", "coordinates": [102.8144, 3.6381]}, "properties": {"district": "Maran"}}, {"type": "Feature", "geometry": {"type": "Point", "coordinates": [103.3315, 3.7899]}, "properties": {"district": "Kuantan"}}, {"type": "Feature", "geometry": {"type": "Point", "coordinates": [103.3447, 3.4454]}, "properties": {"district": "Pekan"}}, {"type": "Feature", "geometry": {"type": "Point", "coordinates": [103.1483, 3.5182]}, "properties": {"district": "Pekan"}}, {"type": "Feature", "geometry": {"type": "Point", "coordinates": [102.3611, 3.8258]}, "properties": {"district": "Jerantut"}}, {"type": "Feature", "geometry": {"type": "Point", "coordinates": [103.3337, 2.7636]}, "properties": {"district": "Rompin"}}, {"type": "Feature", "geometry": {"type": "Point", "coordinates": [103.5014, 2.7791]}, "properties": {"district": "Rompin"}}, {"type": "Feature", "geometry": {"type": "Point", "coordinates": [102.8162, 3.6956]}, "properties": {"district": "Maran"}}, {"type": "Feature", "geometry": {"type": "Point", "coordinates": [102.5353, 3.4351]}, "properties": {"district": "Temerloh"}}, {"type": "Feature", "geometry": {"type": "Point", "coordinates": [101.7757, 3.9182]}, "properties": {"district": "Bera"}}, {"type": "Feature", "geometry": {"type": "Point", "coordinates": [101.9601, 3.8074]}, "properties": {"district": "Raub"}}, {"type": "Feature", "geometry": {"type": "Point", "coordinates": [101.9059, 3.5625]}, "properties": {"district": "Bentong"}}, {"type": "Feature", "geometry": {"type": "Point", "coordinates": [102.7929, 3.4617]}, "properties": {"district": "Maran"}}, {"type": "Feature", "geometry": {"type": "Point", "coordinates": [103.1826, 3.828]}, "properties": {"district": "Kuantan"}}, {"type": "Feature", "geometry": {"type": "Point", "coordinates": [103.3522, 3.5267]}, "properties": {"district": "Pekan"}}, {"type": "Feature", "geometry": {"type": "Point", "coordinates": [102.2083, 3.909]}, "properties": {"district": "Jerantut"}}, {"type": "Feature", "geometry": {"type": "Point", "coordinates": [103.5176, 2.6977]}, "properties": {"district": "Rompin"}}, {"type": "Feature", "geometry": {"type": "Point", "coordinates": [101.9633, 3.6427]}, "properties": {"district": "Raub"}}, {"type": "Feature", "geometry": {"type": "Point", "coordinates": [103.3282, 2.8387]}, "properties": {"district": "Rompin"}}, {"type": "Feature", "geometry": {"type": "Point", "coordinates": [103.3307, 3.7045]}, "properties": {"district": "Kuantan"}}, {"type": "Feature", "geometry": {"type": "Point", "coordinates": [102.4326, 3.3858]}, "properties": {"district": "Temerloh"}}, {"type": "Feature", "geometry": {"type": "Point", "coordinates": [101.4143, 4.5159]}, "properties": {"district": "Cameron Highlands"}}, {"type": "Feature", "geometry": {"type": "Point", "coordinates": [103.4431, 3.4929]}, "properties": {"district": "Pekan"}}, {"type": "Feature", "geometry": {"type": "Point", "coordinates": [102.2303, 4.5]}, "properties": {"district": "Rompin"}}, {"type": "Feature", "geometry": {"type": "Point", "coordinates": [103.1962, 3.8126]}, "properties": {"district": "Kuantan"}}, {"type": "Feature", "geometry": {"type": "Point", "coordinates": [102.7695, 3.6189]}, "properties": {"district": "Maran"}}, {"type": "Feature", "geometry": {"type": "Point", "coordinates": [102.0326, 4.075]}, "properties": {"district": "Kuala Lipis"}}, {"type": "Feature", "geometry": {"type": "Point", "coordinates": [102.534, 3.4805]}, "properties": {"district": "Temerloh"}}, {"type": "Feature", "geometry": {"type": "Point", "coordinates": [103.3631, 2.8201]}, "properties": {"district": "Rompin"}}, {"type": "Feature", "geometry": {"type": "Point", "coordinates": [103.265, 3.7762]}, "properties": {"district": "Kuantan"}}, {"type": "Feature", "geometry": {"type": "Point", "coordinates": [102.3905, 3.4285]}, "properties": {"district": "Temerloh"}}, {"type": "Feature", "geometry": {"type": "Point", "coordinates": [103.3227, 3.7759]}, "properties": {"district": "Kuantan"}}, {"type": "Feature", "geometry": {"type": "Point", "coordinates": [101.9877, 4.026]}, "properties": {"district": "Kuala Lipis"}}, {"type": "Feature", "geometry": {"type": "Point", "coordinates": [102.0009, 3.7116]}, "properties": {"district": "Raub"}}, {"type": "Feature", "geometry": {"type": "Point", "coordinates": [103.2984, 3.8283]}, "properties": {"district": "Kuantan"}}, {"type": "Feature", "geometry": {"type": "Point", "coordinates": [103.4126, 2.8326]}, "properties": {"district": "Rompin"}}, {"type": "Feature", "geometry": {"type": "Point", "coordinates": [103.3863, 2.7153]}, "properties": {"district": "Rompin"}}, {"type": "Feature", "geometry": {"type": "Point", "coordinates": [102.4101, 3.4591]}, "properties": {"district": "Temerloh"}}, {"type": "Feature", "geometry": {"type": "Point", "coordinates": [101.8554, 3.5415]}, "properties": {"district": "Bentong"}}, {"type": "Feature", "geometry": {"type": "Point", "coordinates": [103.4787, 2.8103]}, "properties": {"district": "Rompin"}}, {"type": "Feature", "geometry": {"type": "Point", "coordinates": [103.4969, 2.6214]}, "properties": {"district": "Rompin"}}, {"type": "Feature", "geometry": {"type": "Point", "coordinates": [102.7971, 3.5576]}, "properties": {"district": "Maran"}}, {"type": "Feature", "geometry": {"type": "Point", "coordinates": [102.792, 3.4735]}, "properties": {"district": "Maran"}}, {"type": "Feature", "geometry": {"type": "Point", "coordinates": [102.3805, 4.0135]}, "properties": {"district": "Jerantut"}}, {"type": "Feature", "geometry": {"type": "Point", "coordinates": [101.8223, 3.5639]}, "properties": {"district": "Bentong"}}, {"type": "Feature", "geometry": {"type": "Point", "coordinates": [103.616, 2.6715]}, "properties": {"district": "Rompin"}}, {"type": "Feature", "geometry": {"type": "Point", "coordinates": [103.366, 3.3886]}, "properties": {"district": "Pekan"}}, {"type": "Feature", "geometry": {"type": "Point", "coordinates": [102.3658, 3.8947]}, "properties": {"district": "Jerantut"}}, {"type": "Feature", "geometry": {"type": "Point", "coordinates": [103.3488, 3.9224]}, "properties": {"district": "Kuantan"}}, {"type": "Feature", "geometry": {"type": "Point", "coordinates": [102.7368, 3.5112]}, "properties": {"district": "Maran"}}, {"type": "Feature", "geometry": {"type": "Point", "coordinates": [102.4111, 3.5345]}, "properties": {"district": "Temerloh"}}, {"type": "Feature", "geometry": {"type": "Point", "coordinates": [101.9561, 3.6049]}, "properties": {"district": "Bentong"}}, {"type": "Feature", "geometry": {"type": "Point", "coordinates": [101.6576, 3.8166]}, "properties": {"district": "Raub"}}, {"type": "Feature", "geometry": {"type": "Point", "coordinates": [102.2928, 3.3401]}, "properties": {"district": "Temerloh"}}, {"type": "Feature", "geometry": {"type": "Point", "coordinates": [102.541, 3.8315]}, "properties": {"district": "Jerantut"}}, {"type": "Feature", "geometry": {"type": "Point", "coordinates": [101.8726, 3.7523]}, "properties": {"district": "Raub"}}, {"type": "Feature", "geometry": {"type": "Point", "coordinates": [101.8978, 3.8391]}, "properties": {"district": "Raub"}}, {"type": "Feature", "geometry": {"type": "Point", "coordinates": [102.4365, 3.9651]}, "properties": {"district": "Jerantut"}}, {"type": "Feature", "geometry": {"type": "Point", "coordinates": [103.3749, 3.1174]}, "properties": {"district": "Rompin"}}, {"type": "Feature", "geometry": {"type": "Point", "coordinates": [102.3157, 3.1422]}, "properties": {"district": "Bera"}}, {"type": "Feature", "geometry": {"type": "Point", "coordinates": [102.0045, 4.25]}, "properties": {"district": "Kuala Lipis"}}, {"type": "Feature", "geometry": {"type": "Point", "coordinates": [103.545, 2.6895]}, "properties": {"district": "Rompin"}}, {"type": "Feature", "geometry": {"type": "Point", "coordinates": [103.3732, 3.4847]}, "properties": {"district": "Pekan"}}, {"type": "Feature", "geometry": {"type": "Point", "coordinates": [102.3992, 3.9095]}, "properties": {"district": "Jerantut"}}, {"type": "Feature", "geometry": {"type": "Point", "coordinates": [102.4642, 3.4691]}, "properties": {"district": "Bera"}}, {"type": "Feature", "geometry": {"type": "Point", "coordinates": [103.4867, 2.7942]}, "properties": {"district": "Rompin"}}, {"type": "Feature", "geometry": {"type": "Point", "coordinates": [103.1537, 3.8309]}, "properties": {"district": "Kuantan"}}, {"type": "Feature", "geometry": {"type": "Point", "coordinates": [102.3673, 3.5827]}, "properties": {"district": "Temerloh"}}, {"type": "Feature", "geometry": {"type": "Point", "coordinates": [101.8136, 3.5088]}, "properties": {"district": "Bentong"}}, {"type": "Feature", "geometry": {"type": "Point", "coordinates": [102.4448, 3.8263]}, "properties": {"district": "Jerantut"}}, {"type": "Feature", "geometry": {"type": "Point", "coordinates": [103.2191, 3.8085]}, "properties": {"district": "Kuantan"}}, {"type": "Feature", "geometry": {"type": "Point", "coordinates": [102.4261, 3.2885]}, "properties": {"district": "Bera"}}, {"type": "Feature", "geometry": {"type": "Point", "coordinates": [102.1155, 4.0741]}, "properties": {"district": "Kuala Lipis"}}, {"type": "Feature", "geometry": {"type": "Point", "coordinates": [102.3618, 3.3209]}, "properties": {"district": "Temerloh"}}, {"type": "Feature", "geometry": {"type": "Point", "coordinates": [101.8868, 3.8834]}, "properties": {"district": "Raub"}}, {"type": "Feature", "geometry": {"type": "Point", "coordinates": [102.2719, 3.8411]}, "properties": {"district": "Jerantut"}}, {"type": "Feature", "geometry": {"type": "Point", "coordinates": [102.1865, 3.7286]}, "properties": {"district": "Jerantut"}}, {"type": "Feature", "geometry": {"type": "Point", "coordinates": [101.4148, 4.4245]}, "properties": {"district": "Cameron Highlands"}}, {"type": "Feature", "geometry": {"type": "Point", "coordinates": [102.7319, 3.4578]}, "properties": {"district": "Maran"}}, {"type": "Feature", "geometry": {"type": "Point", "coordinates": [102.249, 3.3836]}, "properties": {"district": "Temerloh"}}, {"type": "Feature", "geometry": {"type": "Point", "coordinates": [103.3526, 3.4508]}, "properties": {"district": "Pekan"}}, {"type": "Feature", "geometry": {"type": "Point", "coordinates": [102.4087, 3.6889]}, "properties": {"district": "Temerloh"}}, {"type": "Feature", "geometry": {"type": "Point", "coordinates": [102.4622, 3.3812]}, "properties": {"district": "Temerloh"}}, {"type": "Feature", "geometry": {"type": "Point", "coordinates": [102.6716, 3.5854]}, "properties": {"district": "Maran"}}, {"type": "Feature", "geometry": {"type": "Point", "coordinates": [102.3827, 3.4368]}, "properties": {"district": "Temerloh"}}, {"type": "Feature", "geometry": {"type": "Point", "coordinates": [102.0031, 3.8134]}, "properties": {"district": "Raub"}}, {"type": "Feature", "geometry": {"type": "Point", "coordinates": [103.3586, 2.837]}, "properties": {"district": "Rompin"}}, {"type": "Feature", "geometry": {"type": "Point", "coordinates": [102.3061, 3.8724]}, "properties": {"district": "Jerantut"}}, {"type": "Feature", "geometry": {"type": "Point", "coordinates": [103.58, 2.6572]}, "properties": {"district": "Rompin"}}, {"type": "Feature", "geometry": {"type": "Point", "coordinates": [102.4063, 4.1801]}, "properties": {"district": "Jerantut"}}, {"type": "Feature", "geometry": {"type": "Point", "coordinates": [101.827, 4.5368]}, "properties": {"district": "Temerloh"}}, {"type": "Feature", "geometry": {"type": "Point", "coordinates": [102.3572, 3.361]}, "properties": {"district": "Temerloh"}}, {"type": "Feature", "geometry": {"type": "Point", "coordinates": [102.7467, 3.5996]}, "properties": {"district": "Maran"}}, {"type": "Feature", "geometry": {"type": "Point", "coordinates": [103.3505, 2.9017]}, "properties": {"district": "Rompin"}}, {"type": "Feature", "geometry": {"type": "Point", "coordinates": [101.8775, 3.9446]}, "properties": {"district": "Raub"}}, {"type": "Feature", "geometry": {"type": "Point", "coordinates": [103.483, 2.5763]}, "properties": {"district": "Rompin"}}, {"type": "Feature", "geometry": {"type": "Point", "coordinates": [101.9146, 4.1313]}, "properties": {"district": "Kuala Lipis"}}, {"type": "Feature", "geometry": {"type": "Point", "coordinates": [102.0332, 3.4688]}, "properties": {"district": "Bentong"}}, {"type": "Feature", "geometry": {"type": "Point", "coordinates": [103.3891, 2.6463]}, "properties": {"district": "Rompin"}}, {"type": "Feature", "geometry": {"type": "Point", "coordinates": [102.4852, 3.3817]}, "properties": {"district": "Temerloh"}}, {"type": "Feature", "geometry": {"type": "Point", "coordinates": [103.385, 3.5098]}, "properties": {"district": "Pekan"}}, {"type": "Feature", "geometry": {"type": "Point", "coordinates": [102.2013, 4.3532]}, "properties": {"district": "Kuala Lipis"}}, {"type": "Feature", "geometry": {"type": "Point", "coordinates": [101.901, 3.4715]}, "properties": {"district": "Bentong"}}, {"type": "Feature", "geometry": {"type": "Point", "coordinates": [103.4898, 2.6634]}, "properties": {"district": "Rompin"}}, {"type": "Feature", "geometry": {"type": "Point", "coordinates": [102.4076, 3.8115]}, "properties": {"district": "Jerantut"}}, {"type": "Feature", "geometry": {"type": "Point", "coordinates": [102.6403, 3.5823]}, "properties": {"district": "Maran"}}, {"type": "Feature", "geometry": {"type": "Point", "coordinates": [102.5668, 3.9636]}, "properties": {"district": "Jerantut"}}, {"type": "Feature", "geometry": {"type": "Point", "coordinates": [103.4367, 2.841]}, "properties": {"district": "Rompin"}}, {"type": "Feature", "geometry": {"type": "Point", "coordinates": [102.3392, 3.4293]}, "properties": {"district": "Temerloh"}}, {"type": "Feature", "geometry": {"type": "Point", "coordinates": [103.39, 2.6999]}, "properties": {"district": "Rompin"}}, {"type": "Feature", "geometry": {"type": "Point", "coordinates": [101.8993, 3.5696]}, "properties": {"district": "Bentong"}}, {"type": "Feature", "geometry": {"type": "Point", "coordinates": [102.3029, 4.0752]}, "properties": {"district": "Kuala Lipis"}}, {"type": "Feature", "geometry": {"type": "Point", "coordinates": [102.3857, 3.8951]}, "properties": {"district": "Jerantut"}}, {"type": "Feature", "geometry": {"type": "Point", "coordinates": [101.7996, 3.8245]}, "properties": {"district": "Raub"}}, {"type": "Feature", "geometry": {"type": "Point", "coordinates": [101.835, 3.7072]}, "properties": {"district": "Raub"}}, {"type": "Feature", "geometry": {"type": "Point", "coordinates": [102.3316, 3.4452]}, "properties": {"district": "Temerloh"}}, {"type": "Feature", "geometry": {"type": "Point", "coordinates": [101.773, 3.5114]}, "properties": {"district": "Bentong"}}, {"type": "Feature", "geometry": {"type": "Point", "coordinates": [103.453, 2.767]}, "properties": {"district": "Rompin"}}, {"type": "Feature", "geometry": {"type": "Point", "coordinates": [101.9859, 3.4879]}, "properties": {"district": "Bentong"}}, {"type": "Feature", "geometry": {"type": "Point", "coordinates": [103.3415, 2.9056]}, "properties": {"district": "Rompin"}}, {"type": "Feature", "geometry": {"type": "Point", "coordinates": [101.8035, 3.6727]}, "properties": {"district": "Raub"}}, {"type": "Feature", "geometry": {"type": "Point", "coordinates": [103.3307, 3.6368]}, "properties": {"district": "Pekan"}}, {"type": "Feature", "geometry": {"type": "Point", "coordinates": [103.4504, 2.8494]}, "properties": {"district": "Rompin"}}, {"type": "Feature", "geometry": {"type": "Point", "coordinates": [103.3359, 3.8261]}, "properties": {"district": "Kuantan"}}, {"type": "Feature", "geometry": {"type": "Point", "coordinates": [103.382, 3.4409]}, "properties": {"district": "Pekan"}}, {"type": "Feature", "geometry": {"type": "Point", "coordinates": [101.8529, 3.7046]}, "properties": {"district": "Raub"}}, {"type": "Feature", "geometry": {"type": "Point", "coordinates": [103.2705, 3.8172]}, "properties": {"district": "Kuantan"}}, {"type": "Feature", "geometry": {"type": "Point", "coordinates": [102.365, 4.0709]}, "properties": {"district": "Jerantut"}}, {"type": "Feature", "geometry": {"type": "Point", "coordinates": [102.5543, 3.3932]}, "properties": {"district": "Temerloh"}}, {"type": "Feature", "geometry": {"type": "Point", "coordinates": [102.3895, 3.2584]}, "properties": {"district": "Bera"}}, {"type": "Feature", "geometry": {"type": "Point", "coordinates": [102.3073, 3.4834]}, "properties": {"district": "Temerloh"}}, {"type": "Feature", "geometry": {"type": "Point", "coordinates": [103.3838, 3.491]}, "properties": {"district": "Pekan"}}, {"type": "Feature", "geometry": {"type": "Point", "coordinates": [103.4552, 2.7251]}, "properties": {"district": "Rompin"}}, {"type": "Feature", "geometry": {"type": "Point", "coordinates": [103.3257, 3.7854]}, "properties": {"district": "Kuantan"}}, {"type": "Feature", "geometry": {"type": "Point", "coordinates": [102.1848, 4.0145]}, "properties": {"district": "Jerantut"}}, {"type": "Feature", "geometry": {"type": "Point", "coordinates": [102.4598, 3.4378]}, "properties": {"district": "Temerloh"}}, {"type": "Feature", "geometry": {"type": "Point", "coordinates": [103.3919, 3.5192]}, "properties": {"district": "Pekan"}}, {"type": "Feature", "geometry": {"type": "Point", "coordinates": [102.8023, 3.6254]}, "properties": {"district": "Maran"}}, {"type": "Feature", "geometry": {"type": "Point", "coordinates": [103.3122, 3.4898]}, "properties": {"district": "Pekan"}}, {"type": "Feature", "geometry": {"type": "Point", "coordinates": [102.5178, 3.4335]}, "properties": {"district": "Temerloh"}}, {"type": "Feature", "geometry": {"type": "Point", "coordinates": [103.4916, 2.7332]}, "properties": {"district": "Rompin"}}, {"type": "Feature", "geometry": {"type": "Point", "coordinates": [101.9342, 3.4956]}, "properties": {"district": "Bentong"}}, {"type": "Feature", "geometry": {"type": "Point", "coordinates": [101.3961, 4.4121]}, "properties": {"district": "Cameron Highlands"}}, {"type": "Feature", "geometry": {"type": "Point", "coordinates": [102.0721, 4.1784]}, "properties": {"district": "Kuala Lipis"}}, {"type": "Feature", "geometry": {"type": "Point", "coordinates": [102.2644, 3.9861]}, "properties": {"district": "Jerantut"}}, {"type": "Feature", "geometry": {"type": "Point", "coordinates": [101.8764, 3.7341]}, "properties": {"district": "Raub"}}, {"type": "Feature", "geometry": {"type": "Point", "coordinates": [102.343, 3.3249]}, "properties": {"district": "Temerloh"}}, {"type": "Feature", "geometry": {"type": "Point", "coordinates": [104.1836, 2.8207]}, "properties": {"district": "Rompin"}}, {"type": "Feature", "geometry": {"type": "Point", "coordinates": [103.5492, 2.6152]}, "properties": {"district": "Rompin"}}, {"type": "Feature", "geometry": {"type": "Point", "coordinates": [102.4102, 3.4516]}, "properties": {"district": "Temerloh"}}, {"type": "Feature", "geometry": {"type": "Point", "coordinates": [102.3081, 3.5401]}, "properties": {"district": "Temerloh"}}, {"type": "Feature", "geometry": {"type": "Point", "coordinates": [102.5055, 3.2278]}, "properties": {"district": "Temerloh"}}, {"type": "Feature", "geometry": {"type": "Point", "coordinates": [102.4313, 4.1313]}, "properties": {"district": "Jerantut"}}, {"type": "Feature", "geometry": {"type": "Point", "coordinates": [102.3425, 3.4695]}, "properties": {"district": "Temerloh"}}, {"type": "Feature", "geometry": {"type": "Point", "coordinates": [101.7939, 3.7793]}, "properties": {"district": "Raub"}}, {"type": "Feature", "geometry": {"type": "Point", "coordinates": [103.385, 2.9271]}, "properties": {"district": "Rompin"}}, {"type": "Feature", "geometry": {"type": "Point", "coordinates": [103.4031, 2.9239]}, "properties": {"district": "Rompin"}}, {"type": "Feature", "geometry": {"type": "Point", "coordinates": [102.5824, 3.5147]}, "properties": {"district": "Temerloh"}}, {"type": "Feature", "geometry": {"type": "Point", "coordinates": [103.3661, 2.7288]}, "properties": {"district": "Rompin"}}, {"type": "Feature", "geometry": {"type": "Point", "coordinates": [101.8582, 4.1978]}, "properties": {"district": "Kuala Lipis"}}, {"type": "Feature", "geometry": {"type": "Point", "coordinates": [103.2624, 3.414]}, "properties": {"district": "Pekan"}}, {"type": "Feature", "geometry": {"type": "Point", "coordinates": [102.4879, 3.35]}, "properties": {"district": "Temerloh"}}, {"type": "Feature", "geometry": {"type": "Point", "coordinates": [102.7596, 3.4118]}, "properties": {"district": "Maran"}}, {"type": "Feature", "geometry": {"type": "Point", "coordinates": [102.5174, 3.4369]}, "properties": {"district": "Temerloh"}}, {"type": "Feature", "geometry": {"type": "Point", "coordinates": [102.4313, 3.8519]}, "properties": {"district": "Jerantut"}}, {"type": "Feature", "geometry": {"type": "Point", "coordinates": [102.2854, 3.4268]}, "properties": {"district": "Temerloh"}}, {"type": "Feature", "geometry": {"type": "Point", "coordinates": [103.2752, 2.9421]}, "properties": {"district": "Rompin"}}, {"type": "Feature", "geometry": {"type": "Point", "coordinates": [102.4028, 3.4447]}, "properties": {"district": "Temerloh"}}, {"type": "Feature", "geometry": {"type": "Point", "coordinates": [101.8532, 3.465]}, "properties": {"district": "Bentong"}}, {"type": "Feature", "geometry": {"type": "Point", "coordinates": [102.8948, 3.5385]}, "properties": {"district": "Maran"}}, {"type": "Feature", "geometry": {"type": "Point", "coordinates": [102.0229, 4.0188]}, "properties": {"district": "Kuala Lipis"}}, {"type": "Feature", "geometry": {"type": "Point", "coordinates": [103.3641, 3.8325]}, "properties": {"district": "Kuantan"}}, {"type": "Feature", "geometry": {"type": "Point", "coordinates": [103.4162, 3.2866]}, "properties": {"district": "Pekan"}}, {"type": "Feature", "geometry": {"type": "Point", "coordinates": [102.4367, 4.0047]}, "properties": {"district": "Jerantut"}}, {"type": "Feature", "geometry": {"type": "Point", "coordinates": [102.6739, 3.5316]}, "properties": {"district": "Maran"}}, {"type": "Feature", "geometry": {"type": "Point", "coordinates": [103.4027, 2.923]}, "properties": {"district": "Rompin"}}, {"type": "Feature", "geometry": {"type": "Point", "coordinates": [103.3747, 2.7629]}, "properties": {"district": "Rompin"}}, {"type": "Feature", "geometry": {"type": "Point", "coordinates": [103.3925, 3.5907]}, "properties": {"district": "Pekan"}}, {"type": "Feature", "geometry": {"type": "Point", "coordinates": [103.2799, 2.925]}, "properties": {"district": "Rompin"}}, {"type": "Feature", "geometry": {"type": "Point", "coordinates": [103.3819, 2.9251]}, "properties": {"district": "Rompin"}}, {"type": "Feature", "geometry": {"type": "Point", "coordinates": [103.439, 2.7111]}, "properties": {"district": "Rompin"}}, {"type": "Feature", "geometry": {"type": "Point", "coordinates": [101.7825, 3.8483]}, "properties": {"district": "Raub"}}, {"type": "Feature", "geometry": {"type": "Point", "coordinates": [102.2402, 4.1666]}, "properties": {"district": "Kuantan"}}, {"type": "Feature", "geometry": {"type": "Point", "coordinates": [102.5907, 3.5605]}, "properties": {"district": "Maran"}}, {"type": "Feature", "geometry": {"type": "Point", "coordinates": [101.8487, 3.8259]}, "properties": {"district": "Raub"}}, {"type": "Feature", "geometry": {"type": "Point", "coordinates": [102.4783, 3.5766]}, "properties": {"district": "Temerloh"}}, {"type": "Feature", "geometry": {"type": "Point", "coordinates": [103.4073, 2.8909]}, "properties": {"district": "Rompin"}}, {"type": "Feature", "geometry": {"type": "Point", "coordinates": [102.0011, 3.4206]}, "properties": {"district": "Bentong"}}, {"type": "Feature", "geometry": {"type": "Point", "coordinates": [102.2168, 4.0462]}, "properties": {"district": "Kuala Lipis"}}, {"type": "Feature", "geometry": {"type": "Point", "coordinates": [102.4627, 3.4517]}, "properties": {"district": "Temerloh"}}, {"type": "Feature", "geometry": {"type": "Point", "coordinates": [103.239, 3.6661]}, "properties": {"district": "Kuantan"}}, {"type": "Feature", "geometry": {"type": "Point", "coordinates": [101.675, 3.8784]}, "properties": {"district": "Raub"}}, {"type": "Feature", "geometry": {"type": "Point", "coordinates": [101.3796, 4.414]}, "properties": {"district": "Cameron Highlands"}}, {"type": "Feature", "geometry": {"type": "Point", "coordinates": [102.4135, 3.446]}, "properties": {"district": "Temerloh"}}, {"type": "Feature", "geometry": {"type": "Point", "coordinates": [102.4757, 3.4702]}, "properties": {"district": "Temerloh"}}, {"type": "Feature", "geometry": {"type": "Point", "coordinates": [103.3786, 3.5293]}, "properties": {"district": "Pekan"}}, {"type": "Feature", "geometry": {"type": "Point", "coordinates": [103.5185, 2.7662]}, "properties": {"district": "Rompin"}}, {"type": "Feature", "geometry": {"type": "Point", "coordinates": [102.689, 3.4963]}, "properties": {"district": "Maran"}}, {"type": "Feature", "geometry": {"type": "Point", "coordinates": [103.3311, 3.4162]}, "properties": {"district": "Pekan"}}, {"type": "Feature", "geometry": {"type": "Point", "coordinates": [102.5004, 3.9652]}, "properties": {"district": "Jerantut"}}, {"type": "Feature", "geometry": {"type": "Point", "coordinates": [101.791, 3.3688]}, "properties": {"district": "Bentong"}}, {"type": "Feature", "geometry": {"type": "Point", "coordinates": [102.5006, 3.5458]}, "properties": {"district": "Temerloh"}}, {"type": "Feature", "geometry": {"type": "Point", "coordinates": [102.0543, 3.5797]}, "properties": {"district": "Bentong"}}, {"type": "Feature", "geometry": {"type": "Point", "coordinates": [102.5958, 3.6576]}, "properties": {"district": "Kuantan"}}, {"type": "Feature", "geometry": {"type": "Point", "coordinates": [101.3885, 4.5117]}, "properties": {"district": "Cameron Highlands"}}, {"type": "Feature", "geometry": {"type": "Point", "coordinates": [103.2674, 2.8422]}, "properties": {"district": "Rompin"}}, {"type": "Feature", "geometry": {"type": "Point", "coordinates": [102.9914, 3.6646]}, "properties": {"district": "Maran"}}, {"type": "Feature", "geometry": {"type": "Point", "coordinates": [102.4396, 3.9277]}, "properties": {"district": "Jerantut"}}, {"type": "Feature", "geometry": {"type": "Point", "coordinates": [102.771, 3.5787]}, "properties": {"district": "Maran"}}, {"type": "Feature", "geometry": {"type": "Point", "coordinates": [101.9074, 3.5913]}, "properties": {"district": "Bentong"}}, {"type": "Feature", "geometry": {"type": "Point", "coordinates": [102.3992, 3.3395]}, "properties": {"district": "Temerloh"}}, {"type": "Feature", "geometry": {"type": "Point", "coordinates": [102.0049, 4.1962]}, "properties": {"district": "Kuala Lipis"}}, {"type": "Feature", "geometry": {"type": "Point", "coordinates": [103.2665, 3.89]}, "properties": {"district": "Kuantan"}}, {"type": "Feature", "geometry": {"type": "Point", "coordinates": [102.3111, 3.8699]}, "properties": {"district": "Jerantut"}}, {"type": "Feature", "geometry": {"type": "Point", "coordinates": [103.2401, 3.797]}, "properties": {"district": "Kuantan"}}, {"type": "Feature", "geometry": {"type": "Point", "coordinates": [102.5062, 4.0382]}, "properties": {"district": "Jerantut"}}, {"type": "Feature", "geometry": {"type": "Point", "coordinates": [103.4777, 2.7899]}, "properties": {"district": "Rompin"}}, {"type": "Feature", "geometry": {"type": "Point", "coordinates": [102.287, 3.891]}, "properties": {"district": "Jerantut"}}, {"type": "Feature", "geometry": {"type": "Point", "coordinates": [101.9565, 3.7156]}, "properties": {"district": "Raub"}}, {"type": "Feature", "geometry": {"type": "Point", "coordinates": [103.492, 2.7481]}, "properties": {"district": "Rompin"}}, {"type": "Feature", "geometry": {"type": "Point", "coordinates": [103.3166, 3.8585]}, "properties": {"district": "Kuantan"}}, {"type": "Feature", "geometry": {"type": "Point", "coordinates": [102.5096, 4.0062]}, "properties": {"district": "Jerantut"}}, {"type": "Feature", "geometry": {"type": "Point", "coordinates": [101.9994, 4.0464]}, "properties": {"district": "Kuala Lipis"}}, {"type": "Feature", "geometry": {"type": "Point", "coordinates": [102.2741, 4.3623]}, "properties": {"district": "Kuala Lipis"}}, {"type": "Feature", "geometry": {"type": "Point", "coordinates": [101.8811, 3.8092]}, "properties": {"district": "Raub"}}, {"type": "Feature", "geometry": {"type": "Point", "coordinates": [103.4219, 2.7491]}, "properties": {"district": "Rompin"}}, {"type": "Feature", "geometry": {"type": "Point", "coordinates": [102.3584, 3.2427]}, "properties": {"district": "Bera"}}, {"type": "Feature", "geometry": {"type": "Point", "coordinates": [102.6871, 3.7052]}, "properties": {"district": "Maran"}}, {"type": "Feature", "geometry": {"type": "Point", "coordinates": [102.7844, 3.5036]}, "properties": {"district": "Maran"}}, {"type": "Feature", "geometry": {"type": "Point", "coordinates": [102.316, 3.5666]}, "properties": {"district": "Temerloh"}}, {"type": "Feature", "geometry": {"type": "Point", "coordinates": [103.3075, 3.8322]}, "properties": {"district": "Kuantan"}}, {"type": "Feature", "geometry": {"type": "Point", "coordinates": [101.8341, 3.6876]}, "properties": {"district": "Raub"}}, {"type": "Feature", "geometry": {"type": "Point", "coordinates": [102.493, 3.4983]}, "properties": {"district": "Temerloh"}}, {"type": "Feature", "geometry": {"type": "Point", "coordinates": [103.3534, 2.8563]}, "properties": {"district": "Rompin"}}, {"type": "Feature", "geometry": {"type": "Point", "coordinates": [103.3376, 3.9041]}, "properties": {"district": "Kuantan"}}, {"type": "Feature", "geometry": {"type": "Point", "coordinates": [103.2986, 3.8754]}, "properties": {"district": "Kuantan"}}, {"type": "Feature", "geometry": {"type": "Point", "coordinates": [102.4428, 3.4253]}, "properties": {"district": "Temerloh"}}, {"type": "Feature", "geometry": {"type": "Point", "coordinates": [103.45, 2.6506]}, "properties": {"district": "Rompin"}}, {"type": "Feature", "geometry": {"type": "Point", "coordinates": [102.4608, 3.7127]}, "properties": {"district": "Temerloh"}}, {"type": "Feature", "geometry": {"type": "Point", "coordinates": [103.2413, 3.873]}, "properties": {"district": "Kuantan"}}, {"type": "Feature", "geometry": {"type": "Point", "coordinates": [102.7818, 3.6807]}, "properties": {"district": "Maran"}}, {"type": "Feature", "geometry": {"type": "Point", "coordinates": [103.3877, 2.8805]}, "properties": {"district": "Rompin"}}, {"type": "Feature", "geometry": {"type": "Point", "coordinates": [103.0835, 3.736]}, "properties": {"district": "Kuantan"}}, {"type": "Feature", "geometry": {"type": "Point", "coordinates": [102.3762, 3.3814]}, "properties": {"district": "Temerloh"}}, {"type": "Feature", "geometry": {"type": "Point", "coordinates": [102.6329, 3.6042]}, "properties": {"district": "Maran"}}, {"type": "Feature", "geometry": {"type": "Point", "coordinates": [103.4913, 2.6593]}, "properties": {"district": "Rompin"}}, {"type": "Feature", "geometry": {"type": "Point", "coordinates": [102.7995, 3.5454]}, "properties": {"district": "Maran"}}, {"type": "Feature", "geometry": {"type": "Point", "coordinates": [101.853, 3.5349]}, "properties": {"district": "Bentong"}}, {"type": "Feature", "geometry": {"type": "Point", "coordinates": [102.498, 4.2945]}, "properties": {"district": "Rompin"}}, {"type": "Feature", "geometry": {"type": "Point", "coordinates": [102.3789, 3.5127]}, "properties": {"district": "Temerloh"}}, {"type": "Feature", "geometry": {"type": "Point", "coordinates": [102.4867, 3.3194]}, "properties": {"district": "Bera"}}, {"type": "Feature", "geometry": {"type": "Point", "coordinates": [102.4993, 3.3655]}, "properties": {"district": "Temerloh"}}, {"type": "Feature", "geometry": {"type": "Point", "coordinates": [102.268, 4.0408]}, "properties": {"district": "Jerantut"}}, {"type": "Feature", "geometry": {"type": "Point", "coordinates": [103.3397, 2.7266]}, "properties": {"district": "Rompin"}}, {"type": "Feature", "geometry": {"type": "Point", "coordinates": [101.4391, 4.4217]}, "properties": {"district": "Cameron Highlands"}}, {"type": "Feature", "geometry": {"type": "Point", "coordinates": [102.2765, 4.1471]}, "properties": {"district": "Jerantut"}}, {"type": "Feature", "geometry": {"type": "Point", "coordinates": [102.3332, 3.97]}, "properties": {"district": "Jerantut"}}, {"type": "Feature", "geometry": {"type": "Point", "coordinates": [102.3931, 3.5265]}, "properties": {"district": "Temerloh"}}, {"type": "Feature", "geometry": {"type": "Point", "coordinates": [101.8199, 3.6253]}, "properties": {"district": "Bentong"}}, {"type": "Feature", "geometry": {"type": "Point", "coordinates": [102.3893, 3.6041]}, "properties": {"district": "Temerloh"}}, {"type": "Feature", "geometry": {"type": "Point", "coordinates": [101.9068, 3.7611]}, "properties": {"district": "Raub"}}, {"type": "Feature", "geometry": {"type": "Point", "coordinates": [102.7165, 3.5556]}, "properties": {"district": "Maran"}}, {"type": "Feature", "geometry": {"type": "Point", "coordinates": [102.245, 3.2853]}, "properties": {"district": "Bera"}}, {"type": "Feature", "geometry": {"type": "Point", "coordinates": [102.3126, 3.8301]}, "properties": {"district": "Jerantut"}}, {"type": "Feature", "geometry": {"type": "Point", "coordinates": [103.0995, 3.4551]}, "properties": {"district": "Pekan"}}, {"type": "Feature", "geometry": {"type": "Point", "coordinates": [103.3358, 3.9458]}, "properties": {"district": "Kuantan"}}, {"type": "Feature", "geometry": {"type": "Point", "coordinates": [102.4276, 3.9175]}, "properties": {"district": "Jerantut"}}, {"type": "Feature", "geometry": {"type": "Point", "coordinates": [101.795, 3.8063]}, "properties": {"district": "Raub"}}, {"type": "Feature", "geometry": {"type": "Point", "coordinates": [103.3539, 2.8121]}, "properties": {"district": "Rompin"}}, {"type": "Feature", "geometry": {"type": "Point", "coordinates": [102.4082, 3.3028]}, "properties": {"district": "Bera"}}, {"type": "Feature", "geometry": {"type": "Point", "coordinates": [103.2662, 3.4809]}, "properties": {"district": "Pekan"}}, {"type": "Feature", "geometry": {"type": "Point", "coordinates": [101.9623, 3.3319]}, "properties": {"district": "Bentong"}}, {"type": "Feature", "geometry": {"type": "Point", "coordinates": [103.3383, 3.8566]}, "properties": {"district": "Kuantan"}}, {"type": "Feature", "geometry": {"type": "Point", "coordinates": [103.2627, 3.8018]}, "properties": {"district": "Kuantan"}}, {"type": "Feature", "geometry": {"type": "Point", "coordinates": [102.4647, 3.4357]}, "properties": {"district": "Temerloh"}}, {"type": "Feature", "geometry": {"type": "Point", "coordinates": [102.1577, 3.7875]}, "properties": {"district": "Jerantut"}}, {"type": "Feature", "geometry": {"type": "Point", "coordinates": [102.8064, 3.4735]}, "properties": {"district": "Maran"}}, {"type": "Feature", "geometry": {"type": "Point", "coordinates": [102.248, 3.4161]}, "properties": {"district": "Temerloh"}}, {"type": "Feature", "geometry": {"type": "Point", "coordinates": [102.3109, 3.9327]}, "properties": {"district": "Jerantut"}}, {"type": "Feature", "geometry": {"type": "Point", "coordinates": [102.8914, 3.7111]}, "properties": {"district": "Maran"}}, {"type": "Feature", "geometry": {"type": "Point", "coordinates": [102.3391, 3.4516]}, "properties": {"district": "Temerloh"}}, {"type": "Feature", "geometry": {"type": "Point", "coordinates": [102.0104, 3.8173]}, "properties": {"district": "Raub"}}, {"type": "Feature", "geometry": {"type": "Point", "coordinates": [103.204, 3.9]}, "properties": {"district": "Kuantan"}}, {"type": "Feature", "geometry": {"type": "Point", "coordinates": [103.3248, 3.9128]}, "properties": {"district": "Kuantan"}}, {"type": "Feature", "geometry": {"type": "Point", "coordinates": [103.4302, 2.7791]}, "properties": {"district": "Rompin"}}, {"type": "Feature", "geometry": {"type": "Point", "coordinates": [101.9573, 4.1115]}, "properties": {"district": "Kuala Lipis"}}, {"type": "Feature", "geometry": {"type": "Point", "coordinates": [103.2788, 3.4607]}, "properties": {"district": "Pekan"}}, {"type": "Feature", "geometry": {"type": "Point", "coordinates": [102.5096, 3.9412]}, "properties": {"district": "Jerantut"}}, {"type": "Feature", "geometry": {"type": "Point", "coordinates": [102.0274, 3.471]}, "properties": {"district": "Bentong"}}, {"type": "Feature", "geometry": {"type": "Point", "coordinates": [102.2378, 3.2795]}, "properties": {"district": "Bera"}}, {"type": "Feature", "geometry": {"type": "Point", "coordinates": [102.6444, 3.5354]}, "properties": {"district": "Maran"}}, {"type": "Feature", "geometry": {"type": "Point", "coordinates": [101.4053, 4.4395]}, "properties": {"district": "Cameron Highlands"}}, {"type": "Feature", "geometry": {"type": "Point", "coordinates": [101.8544, 3.6736]}, "properties": {"district": "Raub"}}, {"type": "Feature", "geometry": {"type": "Point", "coordinates": [103.3396, 3.8394]}, "properties": {"district": "Kuantan"}}, {"type": "Feature", "geometry": {"type": "Point", "coordinates": [102.3297, 3.2608]}, "properties": {"district": "Bera"}}, {"type": "Feature", "geometry": {"type": "Point", "coordinates": [103.4153, 2.9537]}, "properties": {"district": "Rompin"}}, {"type": "Feature", "geometry": {"type": "Point", "coordinates": [103.3017, 2.8992]}, "properties": {"district": "Rompin"}}, {"type": "Feature", "geometry": {"type": "Point", "coordinates": [103.3432, 3.4814]}, "properties": {"district": "Pekan"}}, {"type": "Feature", "geometry": {"type": "Point", "coordinates": [102.0785, 4.1199]}, "properties": {"district": "Kuala Lipis"}}, {"type": "Feature", "geometry": {"type": "Point", "coordinates": [102.7156, 3.5052]}, "properties": {"district": "Maran"}}, {"type": "Feature", "geometry": {"type": "Point", "coordinates": [103.0571, 3.5142]}, "properties": {"district": "Pekan"}}, {"type": "Feature", "geometry": {"type": "Point", "coordinates": [101.9514, 4.1519]}, "properties": {"district": "Kuala Lipis"}}, {"type": "Feature", "geometry": {"type": "Point", "coordinates": [102.1963, 4.2003]}, "properties": {"district": "Kuala Lipis"}}, {"type": "Feature", "geometry": {"type": "Point", "coordinates": [103.2535, 3.7562]}, "properties": {"district": "Kuantan"}}, {"type": "Feature", "geometry": {"type": "Point", "coordinates": [103.2674, 3.7435]}, "properties": {"district": "Kuantan"}}, {"type": "Feature", "geometry": {"type": "Point", "coordinates": [102.3717, 4.0007]}, "properties": {"district": "Jerantut"}}, {"type": "Feature", "geometry": {"type": "Point", "coordinates": [101.9481, 3.6103]}, "properties": {"district": "Bentong"}}, {"type": "Feature", "geometry": {"type": "Point", "coordinates": [102.6962, 3.6826]}, "properties": {"district": "Maran"}}, {"type": "Feature", "geometry": {"type": "Point", "coordinates": [103.3814, 2.8728]}, "properties": {"district": "Rompin"}}, {"type": "Feature", "geometry": {"type": "Point", "coordinates": [101.8236, 3.9381]}, "properties": {"district": "Raub"}}, {"type": "Feature", "geometry": {"type": "Point", "coordinates": [103.2363, 3.7808]}, "properties": {"district": "Kuantan"}}, {"type": "Feature", "geometry": {"type": "Point", "coordinates": [101.8641, 3.6244]}, "properties": {"district": "Raub"}}, {"type": "Feature", "geometry": {"type": "Point", "coordinates": [102.4923, 3.9579]}, "properties": {"district": "Jerantut"}}, {"type": "Feature", "geometry": {"type": "Point", "coordinates": [102.3329, 3.3708]}, "properties": {"district": "Temerloh"}}, {"type": "Feature", "geometry": {"type": "Point", "coordinates": [102.2467, 3.5722]}, "properties": {"district": "Temerloh"}}, {"type": "Feature", "geometry": {"type": "Point", "coordinates": [102.5514, 3.4682]}, "properties": {"district": "Temerloh"}}, {"type": "Feature", "geometry": {"type": "Point", "coordinates": [103.5609, 2.7205]}, "properties": {"district": "Rompin"}}, {"type": "Feature", "geometry": {"type": "Point", "coordinates": [102.3585, 3.9356]}, "properties": {"district": "Jerantut"}}, {"type": "Feature", "geometry": {"type": "Point", "coordinates": [103.5138, 2.6481]}, "properties": {"district": "Rompin"}}, {"type": "Feature", "geometry": {"type": "Point", "coordinates": [103.4063, 2.7023]}, "properties": {"district": "Rompin"}}, {"type": "Feature", "geometry": {"type": "Point", "coordinates": [103.4873, 2.6295]}, "properties": {"district": "Rompin"}}, {"type": "Feature", "geometry": {"type": "Point", "coordinates": [103.2616, 3.8503]}, "properties": {"district": "Kuantan"}}, {"type": "Feature", "geometry": {"type": "Point", "coordinates": [101.8317, 3.9337]}, "properties": {"district": "Raub"}}, {"type": "Feature", "geometry": {"type": "Point", "coordinates": [102.5498, 3.4344]}, "properties": {"district": "Temerloh"}}, {"type": "Feature", "geometry": {"type": "Point", "coordinates": [101.9797, 3.4317]}, "properties": {"district": "Bentong"}}, {"type": "Feature", "geometry": {"type": "Point", "coordinates": [102.4621, 3.8703]}, "properties": {"district": "Jerantut"}}, {"type": "Feature", "geometry": {"type": "Point", "coordinates": [101.7921, 3.7174]}, "properties": {"district": "Raub"}}, {"type": "Feature", "geometry": {"type": "Point", "coordinates": [103.4154, 2.8549]}, "properties": {"district": "Rompin"}}, {"type": "Feature", "geometry": {"type": "Point", "coordinates": [101.9232, 4.154]}, "properties": {"district": "Kuala Lipis"}}, {"type": "Feature", "geometry": {"type": "Point", "coordinates": [103.2612, 3.0366]}, "properties": {"district": "Rompin"}}, {"type": "Feature", "geometry": {"type": "Point", "coordinates": [102.6924, 3.3947]}, "properties": {"district": "Pekan"}}, {"type": "Feature", "geometry": {"type": "Point", "coordinates": [103.393, 2.9678]}, "properties": {"district": "Rompin"}}, {"type": "Feature", "geometry": {"type": "Point", "coordinates": [102.6397, 3.587]}, "properties": {"district": "Maran"}}, {"type": "Feature", "geometry": {"type": "Point", "coordinates": [102.1895, 3.9463]}, "properties": {"district": "Jerantut"}}, {"type": "Feature", "geometry": {"type": "Point", "coordinates": [103.3752, 3.8245]}, "properties": {"district": "Kuantan"}}, {"type": "Feature", "geometry": {"type": "Point", "coordinates": [103.457, 2.7564]}, "properties": {"district": "Rompin"}}, {"type": "Feature", "geometry": {"type": "Point", "coordinates": [103.268, 3.8725]}, "properties": {"district": "Kuantan"}}, {"type": "Feature", "geometry": {"type": "Point", "coordinates": [103.3452, 2.6397]}, "properties": {"district": "Rompin"}}, {"type": "Feature", "geometry": {"type": "Point", "coordinates": [102.3834, 4.0899]}, "properties": {"district": "Jerantut"}}, {"type": "Feature", "geometry": {"type": "Point", "coordinates": [101.8406, 3.8612]}, "properties": {"district": "Raub"}}, {"type": "Feature", "geometry": {"type": "Point", "coordinates": [101.8358, 3.5879]}, "properties": {"district": "Bentong"}}, {"type": "Feature", "geometry": {"type": "Point", "coordinates": [103.2445, 3.8909]}, "properties": {"district": "Kuantan"}}, {"type": "Feature", "geometry": {"type": "Point", "coordinates": [102.6846, 3.293]}, "properties": {"district": "Bera"}}, {"type": "Feature", "geometry": {"type": "Point", "coordinates": [102.0687, 4.2913]}, "properties": {"district": "Kuala Lipis"}}, {"type": "Feature", "geometry": {"type": "Point", "coordinates": [102.3541, 3.4597]}, "properties": {"district": "Temerloh"}}, {"type": "Feature", "geometry": {"type": "Point", "coordinates": [102.0276, 4.2034]}, "properties": {"district": "Kuala Lipis"}}, {"type": "Feature", "geometry": {"type": "Point", "coordinates": [102.392, 3.3434]}, "properties": {"district": "Temerloh"}}, {"type": "Feature", "geometry": {"type": "Point", "coordinates": [103.4132, 2.7028]}, "properties": {"district": "Rompin"}}, {"type": "Feature", "geometry": {"type": "Point", "coordinates": [102.3518, 3.5642]}, "properties": {"district": "Temerloh"}}, {"type": "Feature", "geometry": {"type": "Point", "coordinates": [103.2765, 2.9748]}, "properties": {"district": "Rompin"}}, {"type": "Feature", "geometry": {"type": "Point", "coordinates": [102.0788, 4.2561]}, "properties": {"district": "Kuala Lipis"}}, {"type": "Feature", "geometry": {"type": "Point", "coordinates": [103.3083, 3.4409]}, "properties": {"district": "Pekan"}}, {"type": "Feature", "geometry": {"type": "Point", "coordinates": [101.9502, 3.8669]}, "properties": {"district": "Raub"}}, {"type": "Feature", "geometry": {"type": "Point", "coordinates": [103.2966, 3.7264]}, "properties": {"district": "Kuantan"}}, {"type": "Feature", "geometry": {"type": "Point", "coordinates": [102.4772, 3.4351]}, "properties": {"district": "Temerloh"}}, {"type": "Feature", "geometry": {"type": "Point", "coordinates": [103.286, 3.6732]}, "properties": {"district": "Kuantan"}}, {"type": "Feature", "geometry": {"type": "Point", "coordinates": [102.6944, 3.5754]}, "properties": {"district": "Maran"}}, {"type": "Feature", "geometry": {"type": "Point", "coordinates": [102.3306, 3.914]}, "properties": {"district": "Jerantut"}}, {"type": "Feature", "geometry": {"type": "Point", "coordinates": [102.7436, 3.5274]}, "properties": {"district": "Maran"}}, {"type": "Feature", "geometry": {"type": "Point", "coordinates": [102.0839, 4.2624]}, "properties": {"district": "Kuala Lipis"}}, {"type": "Feature", "geometry": {"type": "Point", "coordinates": [102.696, 3.4959]}, "properties": {"district": "Maran"}}, {"type": "Feature", "geometry": {"type": "Point", "coordinates": [102.277, 3.4576]}, "properties": {"district": "Temerloh"}}, {"type": "Feature", "geometry": {"type": "Point", "coordinates": [102.3774, 4.1414]}, "properties": {"district": "Jerantut"}}, {"type": "Feature", "geometry": {"type": "Point", "coordinates": [102.727, 3.5242]}, "properties": {"district": "Maran"}}, {"type": "Feature", "geometry": {"type": "Point", "coordinates": [102.643, 3.6291]}, "properties": {"district": "Maran"}}, {"type": "Feature", "geometry": {"type": "Point", "coordinates": [102.3454, 3.6798]}, "properties": {"district": "Temerloh"}}, {"type": "Feature", "geometry": {"type": "Point", "coordinates": [101.9502, 3.6589]}, "properties": {"district": "Bentong"}}, {"type": "Feature", "geometry": {"type": "Point", "coordinates": [102.8089, 3.5336]}, "properties": {"district": "Maran"}}, {"type": "Feature", "geometry": {"type": "Point", "coordinates": [103.4122, 2.7847]}, "properties": {"district": "Rompin"}}, {"type": "Feature", "geometry": {"type": "Point", "coordinates": [102.8297, 3.4155]}, "properties": {"district": "Maran"}}, {"type": "Feature", "geometry": {"type": "Point", "coordinates": [103.3396, 3.3188]}, "properties": {"district": "Pekan"}}, {"type": "Feature", "geometry": {"type": "Point", "coordinates": [102.3786, 3.9172]}, "properties": {"district": "Jerantut"}}, {"type": "Feature", "geometry": {"type": "Point", "coordinates": [103.2871, 3.7005]}, "properties": {"district": "Kuantan"}}, {"type": "Feature", "geometry": {"type": "Point", "coordinates": [103.2847, 3.7277]}, "properties": {"district": "Kuantan"}}, {"type": "Feature", "geometry": {"type": "Point", "coordinates": [102.4119, 3.5396]}, "properties": {"district": "Temerloh"}}, {"type": "Feature", "geometry": {"type": "Point", "coordinates": [102.4725, 3.551]}, "properties": {"district": "Temerloh"}}, {"type": "Feature", "geometry": {"type": "Point", "coordinates": [103.4377, 2.7643]}, "properties": {"district": "Rompin"}}, {"type": "Feature", "geometry": {"type": "Point", "coordinates": [101.4184, 4.485]}, "properties": {"district": "Cameron Highlands"}}, {"type": "Feature", "geometry": {"type": "Point", "coordinates": [102.5207, 3.3501]}, "properties": {"district": "Temerloh"}}, {"type": "Feature", "geometry": {"type": "Point", "coordinates": [102.188, 3.9885]}, "properties": {"district": "Jerantut"}}, {"type": "Feature", "geometry": {"type": "Point", "coordinates": [101.8983, 4.2154]}, "properties": {"district": "Kuala Lipis"}}, {"type": "Feature", "geometry": {"type": "Point", "coordinates": [103.5534, 2.6477]}, "properties": {"district": "Rompin"}}, {"type": "Feature", "geometry": {"type": "Point", "coordinates": [102.1496, 3.4591]}, "properties": {"district": "Raub"}}, {"type": "Feature", "geometry": {"type": "Point", "coordinates": [103.3941, 2.6706]}, "properties": {"district": "Rompin"}}, {"type": "Feature", "geometry": {"type": "Point", "coordinates": [102.4532, 3.3351]}, "properties": {"district": "Temerloh"}}, {"type": "Feature", "geometry": {"type": "Point", "coordinates": [102.2236, 3.909]}, "properties": {"district": "Jerantut"}}, {"type": "Feature", "geometry": {"type": "Point", "coordinates": [101.3962, 4.473]}, "properties": {"district": "Cameron Highlands"}}, {"type": "Feature", "geometry": {"type": "Point", "coordinates": [102.9673, 3.5823]}, "properties": {"district": "Maran"}}, {"type": "Feature", "geometry": {"type": "Point", "coordinates": [102.4801, 3.571]}, "properties": {"district": "Temerloh"}}, {"type": "Feature", "geometry": {"type": "Point", "coordinates": [103.371, 2.7503]}, "properties": {"district": "Rompin"}}, {"type": "Feature", "geometry": {"type": "Point", "coordinates": [102.4759, 3.8955]}, "properties": {"district": "Jerantut"}}, {"type": "Feature", "geometry": {"type": "Point", "coordinates": [103.3517, 3.8141]}, "properties": {"district": "Kuantan"}}, {"type": "Feature", "geometry": {"type": "Point", "coordinates": [103.2182, 3.0265]}, "properties": {"district": "Bera"}}, {"type": "Feature", "geometry": {"type": "Point", "coordinates": [101.7197, 3.7967]}, "properties": {"district": "Raub"}}, {"type": "Feature", "geometry": {"type": "Point", "coordinates": [101.8501, 3.4804]}, "properties": {"district": "Bentong"}}, {"type": "Feature", "geometry": {"type": "Point", "coordinates": [102.4353, 3.3867]}, "properties": {"district": "Temerloh"}}, {"type": "Feature", "geometry": {"type": "Point", "coordinates": [102.4207, 3.9685]}, "properties": {"district": "Jerantut"}}, {"type": "Feature", "geometry": {"type": "Point", "coordinates": [102.1798, 4.1811]}, "properties": {"district": "Kuala Lipis"}}, {"type": "Feature", "geometry": {"type": "Point", "coordinates": [102.4902, 3.5817]}, "properties": {"district": "Temerloh"}}, {"type": "Feature", "geometry": {"type": "Point", "coordinates": [103.2592, 3.8339]}, "properties": {"district": "Kuantan"}}, {"type": "Feature", "geometry": {"type": "Point", "coordinates": [102.1499, 4.1527]}, "properties": {"district": "Kuala Lipis"}}, {"type": "Feature", "geometry": {"type": "Point", "coordinates": [103.2502, 3.7436]}, "properties": {"district": "Kuantan"}}, {"type": "Feature", "geometry": {"type": "Point", "coordinates": [103.4651, 2.8288]}, "properties": {"district": "Rompin"}}, {"type": "Feature", "geometry": {"type": "Point", "coordinates": [102.538, 3.4742]}, "properties": {"district": "Bera"}}, {"type": "Feature", "geometry": {"type": "Point", "coordinates": [101.8929, 3.5826]}, "properties": {"district": "Bentong"}}, {"type": "Feature", "geometry": {"type": "Point", "coordinates": [102.3415, 3.3056]}, "properties": {"district": "Temerloh"}}, {"type": "Feature", "geometry": {"type": "Point", "coordinates": [101.9153, 3.3922]}, "properties": {"district": "Bentong"}}, {"type": "Feature", "geometry": {"type": "Point", "coordinates": [101.8204, 3.6763]}, "properties": {"district": "Bentong"}}, {"type": "Feature", "geometry": {"type": "Point", "coordinates": [102.9517, 3.5566]}, "properties": {"district": "Maran"}}, {"type": "Feature", "geometry": {"type": "Point", "coordinates": [103.3434, 2.9578]}, "properties": {"district": "Rompin"}}, {"type": "Feature", "geometry": {"type": "Point", "coordinates": [102.4029, 3.4344]}, "properties": {"district": "Temerloh"}}, {"type": "Feature", "geometry": {"type": "Point", "coordinates": [103.5288, 2.7658]}, "properties": {"district": "Rompin"}}, {"type": "Feature", "geometry": {"type": "Point", "coordinates": [103.2467, 3.5044]}, "properties": {"district": "Pekan"}}, {"type": "Feature", "geometry": {"type": "Point", "coordinates": [103.3585, 2.6757]}, "properties": {"district": "Rompin"}}, {"type": "Feature", "geometry": {"type": "Point", "coordinates": [103.419, 2.862]}, "properties": {"district": "Rompin"}}, {"type": "Feature", "geometry": {"type": "Point", "coordinates": [103.3631, 3.5001]}, "properties": {"district": "Pekan"}}, {"type": "Feature", "geometry": {"type": "Point", "coordinates": [102.3777, 3.9465]}, "properties": {"district": "Jerantut"}}, {"type": "Feature", "geometry": {"type": "Point", "coordinates": [102.6001, 3.6251]}, "properties": {"district": "Maran"}}, {"type": "Feature", "geometry": {"type": "Point", "coordinates": [103.1886, 3.815]}, "properties": {"district": "Kuantan"}}, {"type": "Feature", "geometry": {"type": "Point", "coordinates": [102.4051, 4.0799]}, "properties": {"district": "Jerantut"}}, {"type": "Feature", "geometry": {"type": "Point", "coordinates": [101.9709, 3.4799]}, "properties": {"district": "Bentong"}}, {"type": "Feature", "geometry": {"type": "Point", "coordinates": [103.3247, 2.7805]}, "properties": {"district": "Rompin"}}, {"type": "Feature", "geometry": {"type": "Point", "coordinates": [103.4307, 2.8429]}, "properties": {"district": "Rompin"}}, {"type": "Feature", "geometry": {"type": "Point", "coordinates": [103.2868, 3.7994]}, "properties": {"district": "Kuantan"}}, {"type": "Feature", "geometry": {"type": "Point", "coordinates": [102.5546, 3.3871]}, "properties": {"district": "Bera"}}, {"type": "Feature", "geometry": {"type": "Point", "coordinates": [103.3364, 3.4897]}, "properties": {"district": "Pekan"}}, {"type": "Feature", "geometry": {"type": "Point", "coordinates": [103.2818, 2.7416]}, "properties": {"district": "Rompin"}}, {"type": "Feature", "geometry": {"type": "Point", "coordinates": [102.7685, 3.6181]}, "properties": {"district": "Maran"}}, {"type": "Feature", "geometry": {"type": "Point", "coordinates": [102.5026, 3.4147]}, "properties": {"district": "Temerloh"}}, {"type": "Feature", "geometry": {"type": "Point", "coordinates": [102.3161, 3.31]}, "properties": {"district": "Temerloh"}}, {"type": "Feature", "geometry": {"type": "Point", "coordinates": [102.4356, 3.2033]}, "properties": {"district": "Bera"}}, {"type": "Feature", "geometry": {"type": "Point", "coordinates": [103.2847, 3.4996]}, "properties": {"district": "Pekan"}}, {"type": "Feature", "geometry": {"type": "Point", "coordinates": [101.7626, 3.8811]}, "properties": {"district": "Raub"}}, {"type": "Feature", "geometry": {"type": "Point", "coordinates": [102.7611, 3.5478]}, "properties": {"district": "Maran"}}, {"type": "Feature", "geometry": {"type": "Point", "coordinates": [103.3839, 2.8912]}, "properties": {"district": "Rompin"}}, {"type": "Feature", "geometry": {"type": "Point", "coordinates": [101.9489, 4.2568]}, "properties": {"district": "Kuala Lipis"}}, {"type": "Feature", "geometry": {"type": "Point", "coordinates": [102.4453, 3.3212]}, "properties": {"district": "Temerloh"}}, {"type": "Feature", "geometry": {"type": "Point", "coordinates": [102.0003, 4.0393]}, "properties": {"district": "Kuala Lipis"}}, {"type": "Feature", "geometry": {"type": "Point", "coordinates": [103.4504, 3.528]}, "properties": {"district": "Pekan"}}, {"type": "Feature", "geometry": {"type": "Point", "coordinates": [103.2813, 3.8288]}, "properties": {"district": "Kuantan"}}, {"type": "Feature", "geometry": {"type": "Point", "coordinates": [101.9718, 3.4671]}, "properties": {"district": "Bentong"}}, {"type": "Feature", "geometry": {"type": "Point", "coordinates": [102.4339, 3.3619]}, "properties": {"district": "Temerloh"}}, {"type": "Feature", "geometry": {"type": "Point", "coordinates": [102.4806, 3.4537]}, "properties": {"district": "Temerloh"}}, {"type": "Feature", "geometry": {"type": "Point", "coordinates": [102.5648, 3.2603]}, "properties": {"district": "Bera"}}, {"type": "Feature", "geometry": {"type": "Point", "coordinates": [102.489, 3.8817]}, "properties": {"district": "Jerantut"}}, {"type": "Feature", "geometry": {"type": "Point", "coordinates": [102.8007, 3.6649]}, "properties": {"district": "Maran"}}, {"type": "Feature", "geometry": {"type": "Point", "coordinates": [102.1747, 4.0216]}, "properties": {"district": "Kuala Lipis"}}, {"type": "Feature", "geometry": {"type": "Point", "coordinates": [101.7887, 4.0194]}, "properties": {"district": "Pekan"}}, {"type": "Feature", "geometry": {"type": "Point", "coordinates": [103.4459, 3.5432]}, "properties": {"district": "Pekan"}}, {"type": "Feature", "geometry": {"type": "Point", "coordinates": [102.8501, 3.4949]}, "properties": {"district": "Maran"}}, {"type": "Feature", "geometry": {"type": "Point", "coordinates": [102.7812, 3.5796]}, "properties": {"district": "Maran"}}, {"type": "Feature", "geometry": {"type": "Point", "coordinates": [103.3738, 3.9755]}, "properties": {"district": "Kuantan"}}, {"type": "Feature", "geometry": {"type": "Point", "coordinates": [101.9151, 3.6987]}, "properties": {"district": "Bentong"}}, {"type": "Feature", "geometry": {"type": "Point", "coordinates": [103.4844, 2.6519]}, "properties": {"district": "Rompin"}}, {"type": "Feature", "geometry": {"type": "Point", "coordinates": [103.4389, 2.7507]}, "properties": {"district": "Rompin"}}, {"type": "Feature", "geometry": {"type": "Point", "coordinates": [102.445, 3.3644]}, "properties": {"district": "Temerloh"}}, {"type": "Feature", "geometry": {"type": "Point", "coordinates": [101.968, 3.4675]}, "properties": {"district": "Bentong"}}, {"type": "Feature", "geometry": {"type": "Point", "coordinates": [103.5144, 2.7388]}, "properties": {"district": "Rompin"}}, {"type": "Feature", "geometry": {"type": "Point", "coordinates": [102.4377, 3.3449]}, "properties": {"district": "Temerloh"}}, {"type": "Feature", "geometry": {"type": "Point", "coordinates": [102.1435, 4.0188]}, "properties": {"district": "Kuala Lipis"}}, {"type": "Feature", "geometry": {"type": "Point", "coordinates": [102.8553, 3.5433]}, "properties": {"district": "Maran"}}, {"type": "Feature", "geometry": {"type": "Point", "coordinates": [101.8107, 3.6263]}, "properties": {"district": "Raub"}}, {"type": "Feature", "geometry": {"type": "Point", "coordinates": [101.8915, 3.8367]}, "properties": {"district": "Raub"}}, {"type": "Feature", "geometry": {"type": "Point", "coordinates": [103.2966, 2.5999]}, "properties": {"district": "Cameron Highlands"}}, {"type": "Feature", "geometry": {"type": "Point", "coordinates": [103.4584, 2.6146]}, "properties": {"district": "Rompin"}}, {"type": "Feature", "geometry": {"type": "Point", "coordinates": [102.3856, 3.4522]}, "properties": {"district": "Temerloh"}}, {"type": "Feature", "geometry": {"type": "Point", "coordinates": [102.3739, 3.5442]}, "properties": {"district": "Temerloh"}}, {"type": "Feature", "geometry": {"type": "Point", "coordinates": [102.4359, 3.5403]}, "properties": {"district": "Temerloh"}}, {"type": "Feature", "geometry": {"type": "Point", "coordinates": [102.362, 3.4829]}, "properties": {"district": "Temerloh"}}, {"type": "Feature", "geometry": {"type": "Point", "coordinates": [103.4785, 2.7737]}, "properties": {"district": "Rompin"}}, {"type": "Feature", "geometry": {"type": "Point", "coordinates": [103.4057, 2.653]}, "properties": {"district": "Rompin"}}, {"type": "Feature", "geometry": {"type": "Point", "coordinates": [102.481, 3.3905]}, "properties": {"district": "Temerloh"}}]}